transaction_id,customer_id,purchase_datetime,product_id,product_name,category,quantity,unit_price,line_total,payment_method,store_branch
TXN00002,CUS0001,2022-08-16 16:26:04,P013,แจ็คเก็ตยีนส์,แจ็คเก็ต,1,1290,1290,บัตรเครดิต,สาขาสยาม
TXN00006,CUS0001,2022-12-13 18:07:36,P018,รองเท้าผ้าใบลายพราง,รองเท้า,2,1390,2780,โอนเงิน/พร้อมเพย์,สาขาเซ็นทรัลเวิลด์
TXN00005,CUS0001,2023-05-19 10:35:54,P003,เสื้อโปโล สีกรม,เสื้อโปโล,1,399,399,บัตรเครดิต,สาขาเชียงใหม่
TXN00001,CUS0001,2024-03-10 19:03:58,P005,เสื้อเชิ้ตแขนสั้น สีฟ้า,เสื้อเชิ้ต,1,550,550,TrueMoney Wallet,สาขาเซ็นทรัลเวิลด์
TXN00003,CUS0001,2024-07-09 10:52:36,P021,กระเป๋าเป้,กระเป๋า,3,1190,3570,เงินสด,สาขาเซ็นทรัลเวิลด์
TXN00004,CUS0001,2025-08-28 19:03:36,P002,เสื้อยืดคอกลม สีดำ,เสื้อยืด,3,259,777,TrueMoney Wallet,ออนไลน์
TXN00008,CUS0002,2024-05-22 17:43:34,P021,กระเป๋าเป้,กระเป๋า,3,1190,3570,LINE Pay,สาขาเชียงใหม่
TXN00007,CUS0002,2025-04-28 11:35:45,P019,รองเท้าแตะ,รองเท้า,1,350,350,เงินสด,สาขาสยาม
TXN00010,CUS0003,2025-03-18 11:32:26,P015,ฮู้ดดี้ สีเทา,ฮู้ดดี้,2,690,1380,บัตรเครดิต,สาขาเชียงใหม่
TXN00016,CUS0003,2025-05-02 17:03:13,P026,ชุดออกกำลังกาย เซ็ต,ชุดกีฬา,1,1050,1050,โอนเงิน/พร้อมเพย์,สาขาเซ็นทรัลเวิลด์
TXN00013,CUS0003,2025-10-06 17:44:42,P008,กางเกงขาสั้นผ้าฝ้าย,กางเกงขาสั้น,1,450,450,เงินสด,สาขาสยาม
TXN00014,CUS0003,2025-11-16 20:36:43,P006,กางเกงยีนส์ขาตรง,กางเกงยีนส์,3,890,2670,LINE Pay,สาขาเชียงใหม่
TXN00012,CUS0003,2025-12-27 19:31:37,P010,กระโปรงยีนส์,กระโปรง,2,720,1440,LINE Pay,สาขาสยาม
TXN00015,CUS0003,2026-02-02 20:22:01,P023,หมวกบักเก็ต,หมวก,3,390,1170,LINE Pay,สาขาเชียงใหม่
TXN00011,CUS0003,2026-05-18 16:02:42,P012,เดรสสีพื้น แขนกุด,เดรส,1,750,750,เงินสด,สาขาเชียงใหม่
TXN00009,CUS0003,2026-08-14 14:33:31,P019,รองเท้าแตะ,รองเท้า,1,350,350,โอนเงิน/พร้อมเพย์,ออนไลน์
TXN00019,CUS0004,2024-12-18 11:11:09,P028,กางเกงสแล็คทำงาน,กางเกงสแล็ค,1,790,790,บัตรเครดิต,สาขาเซ็นทรัลเวิลด์
TXN00017,CUS0004,2025-01-03 17:25:35,P013,แจ็คเก็ตยีนส์,แจ็คเก็ต,1,1290,1290,โอนเงิน/พร้อมเพย์,สาขาเซ็นทรัลเวิลด์
TXN00020,CUS0004,2025-11-25 19:11:16,P016,สเวตเตอร์ถักไหมพรม,สเวตเตอร์,1,850,850,โอนเงิน/พร้อมเพย์,สาขาสยาม
TXN00018,CUS0004,2026-01-31 14:45:26,P030,สร้อยคอเงิน,แอคเซสซอรี่,2,690,1380,โอนเงิน/พร้อมเพย์,ออนไลน์
TXN00023,CUS0005,2026-05-27 10:12:04,P012,เดรสสีพื้น แขนกุด,เดรส,2,750,1500,บัตรเครดิต,ออนไลน์
TXN00022,CUS0005,2026-08-16 16:25:25,P018,รองเท้าผ้าใบลายพราง,รองเท้า,2,1390,2780,LINE Pay,สาขาสยาม
TXN00021,CUS0005,2026-08-19 15:08:44,P014,แจ็คเก็ตกันหนาว,แจ็คเก็ต,3,1590,4770,TrueMoney Wallet,สาขาสยาม
TXN00025,CUS0006,2023-07-12 11:55:13,P011,เดรสลายดอก,เดรส,2,890,1780,TrueMoney Wallet,ออนไลน์
TXN00024,CUS0006,2023-12-16 10:36:09,P004,เสื้อเชิ้ตลายทาง,เสื้อเชิ้ต,1,590,590,TrueMoney Wallet,สาขาสยาม
TXN00026,CUS0006,2024-10-18 15:38:23,P020,กระเป๋าสะพายข้าง,กระเป๋า,1,990,990,LINE Pay,สาขาสยาม
TXN00028,CUS0007,2025-10-28 21:16:30,P016,สเวตเตอร์ถักไหมพรม,สเวตเตอร์,3,850,2550,บัตรเครดิต,สาขาสยาม
TXN00027,CUS0007,2026-01-06 17:19:05,P028,กางเกงสแล็คทำงาน,กางเกงสแล็ค,2,790,1580,บัตรเครดิต,สาขาสยาม
TXN00029,CUS0008,2024-11-18 18:19:41,P017,รองเท้าผ้าใบสีขาว,รองเท้า,3,1290,3870,เงินสด,สาขาเชียงใหม่
TXN00031,CUS0008,2025-06-07 19:51:50,P005,เสื้อเชิ้ตแขนสั้น สีฟ้า,เสื้อเชิ้ต,3,550,1650,บัตรเครดิต,สาขาเซ็นทรัลเวิลด์
TXN00032,CUS0008,2025-06-11 13:33:31,P023,หมวกบักเก็ต,หมวก,2,390,780,โอนเงิน/พร้อมเพย์,สาขาสยาม
TXN00030,CUS0008,2025-11-01 12:22:49,P012,เดรสสีพื้น แขนกุด,เดรส,3,750,2250,บัตรเครดิต,สาขาเชียงใหม่
TXN00033,CUS0009,2025-05-11 14:12:44,P026,ชุดออกกำลังกาย เซ็ต,ชุดกีฬา,2,1050,2100,TrueMoney Wallet,สาขาเชียงใหม่
TXN00038,CUS0010,2023-11-25 10:09:37,P003,เสื้อโปโล สีกรม,เสื้อโปโล,1,399,399,LINE Pay,สาขาเซ็นทรัลเวิลด์
TXN00041,CUS0010,2024-04-11 13:01:16,P025,ถุงเท้าลายการ์ตูน (แพ็ค 3),ถุงเท้า,2,199,398,บัตรเครดิต,สาขาเชียงใหม่
TXN00034,CUS0010,2024-04-15 15:13:30,P026,ชุดออกกำลังกาย เซ็ต,ชุดกีฬา,2,1050,2100,TrueMoney Wallet,สาขาสยาม
TXN00036,CUS0010,2024-04-21 17:56:11,P012,เดรสสีพื้น แขนกุด,เดรส,3,750,2250,LINE Pay,สาขาเชียงใหม่
TXN00035,CUS0010,2025-02-11 20:05:53,P024,เข็มขัดหนัง,เข็มขัด,2,490,980,เงินสด,ออนไลน์
TXN00037,CUS0010,2025-05-28 17:25:47,P028,กางเกงสแล็คทำงาน,กางเกงสแล็ค,1,790,790,เงินสด,สาขาเซ็นทรัลเวิลด์
TXN00040,CUS0010,2026-04-05 12:01:00,P004,เสื้อเชิ้ตลายทาง,เสื้อเชิ้ต,3,590,1770,เงินสด,สาขาเซ็นทรัลเวิลด์
TXN00039,CUS0010,2026-07-12 17:42:59,P008,กางเกงขาสั้นผ้าฝ้าย,กางเกงขาสั้น,3,450,1350,โอนเงิน/พร้อมเพย์,สาขาเซ็นทรัลเวิลด์
TXN00048,CUS0011,2025-05-18 11:28:20,P014,แจ็คเก็ตกันหนาว,แจ็คเก็ต,3,1590,4770,TrueMoney Wallet,สาขาเซ็นทรัลเวิลด์
TXN00043,CUS0011,2025-08-31 18:09:33,P025,ถุงเท้าลายการ์ตูน (แพ็ค 3),ถุงเท้า,3,199,597,TrueMoney Wallet,สาขาสยาม
TXN00044,CUS0011,2025-10-24 19:00:49,P019,รองเท้าแตะ,รองเท้า,2,350,700,บัตรเครดิต,สาขาเซ็นทรัลเวิลด์
TXN00050,CUS0011,2026-01-10 18:57:12,P002,เสื้อยืดคอกลม สีดำ,เสื้อยืด,3,259,777,LINE Pay,สาขาเซ็นทรัลเวิลด์
TXN00047,CUS0011,2026-01-28 10:49:06,P018,รองเท้าผ้าใบลายพราง,รองเท้า,1,1390,1390,TrueMoney Wallet,ออนไลน์
TXN00049,CUS0011,2026-01-28 17:32:34,P005,เสื้อเชิ้ตแขนสั้น สีฟ้า,เสื้อเชิ้ต,3,550,1650,LINE Pay,สาขาเซ็นทรัลเวิลด์
TXN00042,CUS0011,2026-04-17 17:42:37,P008,กางเกงขาสั้นผ้าฝ้าย,กางเกงขาสั้น,3,450,1350,TrueMoney Wallet,ออนไลน์
TXN00045,CUS0011,2026-08-17 19:46:07,P011,เดรสลายดอก,เดรส,1,890,890,TrueMoney Wallet,สาขาสยาม
TXN00046,CUS0011,2026-08-27 11:56:35,P009,กระโปรงจีบ สีดำ,กระโปรง,2,690,1380,เงินสด,สาขาเซ็นทรัลเวิลด์
TXN00051,CUS0012,2023-10-09 13:42:19,P004,เสื้อเชิ้ตลายทาง,เสื้อเชิ้ต,2,590,1180,เงินสด,สาขาเซ็นทรัลเวิลด์
TXN00053,CUS0012,2023-11-21 16:56:31,P015,ฮู้ดดี้ สีเทา,ฮู้ดดี้,1,690,690,บัตรเครดิต,สาขาเซ็นทรัลเวิลด์
TXN00057,CUS0012,2025-01-07 18:04:07,P008,กางเกงขาสั้นผ้าฝ้าย,กางเกงขาสั้น,3,450,1350,บัตรเครดิต,สาขาสยาม
TXN00055,CUS0012,2025-02-23 11:46:23,P003,เสื้อโปโล สีกรม,เสื้อโปโล,2,399,798,เงินสด,สาขาเชียงใหม่
TXN00052,CUS0012,2025-05-31 12:16:56,P013,แจ็คเก็ตยีนส์,แจ็คเก็ต,3,1290,3870,บัตรเครดิต,ออนไลน์
TXN00054,CUS0012,2025-10-12 18:25:21,P011,เดรสลายดอก,เดรส,1,890,890,LINE Pay,สาขาเซ็นทรัลเวิลด์
TXN00056,CUS0012,2025-12-07 17:45:01,P022,หมวกแก๊ป,หมวก,3,350,1050,LINE Pay,สาขาเชียงใหม่
TXN00058,CUS0013,2024-08-03 12:52:27,P009,กระโปรงจีบ สีดำ,กระโปรง,1,690,690,โอนเงิน/พร้อมเพย์,ออนไลน์
TXN00059,CUS0013,2026-01-30 18:36:31,P002,เสื้อยืดคอกลม สีดำ,เสื้อยืด,1,259,259,โอนเงิน/พร้อมเพย์,สาขาสยาม
TXN00064,CUS0014,2024-03-18 13:59:19,P014,แจ็คเก็ตกันหนาว,แจ็คเก็ต,1,1590,1590,โอนเงิน/พร้อมเพย์,สาขาเซ็นทรัลเวิลด์
TXN00061,CUS0014,2024-06-11 11:16:55,P026,ชุดออกกำลังกาย เซ็ต,ชุดกีฬา,3,1050,3150,เงินสด,ออนไลน์
TXN00060,CUS0014,2024-09-14 10:40:05,P002,เสื้อยืดคอกลม สีดำ,เสื้อยืด,1,259,259,โอนเงิน/พร้อมเพย์,สาขาสยาม
TXN00062,CUS0014,2025-02-05 18:26:59,P023,หมวกบักเก็ต,หมวก,1,390,390,โอนเงิน/พร้อมเพย์,สาขาเซ็นทรัลเวิลด์
TXN00063,CUS0014,2026-02-25 21:15:07,P006,กางเกงยีนส์ขาตรง,กางเกงยีนส์,1,890,890,บัตรเครดิต,สาขาเชียงใหม่
TXN00065,CUS0015,2026-03-16 14:02:00,P015,ฮู้ดดี้ สีเทา,ฮู้ดดี้,2,690,1380,เงินสด,สาขาเซ็นทรัลเวิลด์
TXN00069,CUS0015,2026-03-25 12:00:04,P009,กระโปรงจีบ สีดำ,กระโปรง,2,690,1380,โอนเงิน/พร้อมเพย์,ออนไลน์
TXN00068,CUS0015,2026-05-06 13:21:12,P006,กางเกงยีนส์ขาตรง,กางเกงยีนส์,3,890,2670,บัตรเครดิต,ออนไลน์
TXN00066,CUS0015,2026-07-11 13:59:28,P017,รองเท้าผ้าใบสีขาว,รองเท้า,3,1290,3870,เงินสด,ออนไลน์
TXN00067,CUS0015,2026-07-16 18:53:56,P022,หมวกแก๊ป,หมวก,3,350,1050,LINE Pay,สาขาเชียงใหม่
TXN00072,CUS0016,2026-04-07 15:35:20,P022,หมวกแก๊ป,หมวก,2,350,700,บัตรเครดิต,สาขาสยาม
TXN00071,CUS0016,2026-07-14 12:10:17,P003,เสื้อโปโล สีกรม,เสื้อโปโล,1,399,399,LINE Pay,สาขาสยาม
TXN00070,CUS0016,2026-08-31 20:18:38,P002,เสื้อยืดคอกลม สีดำ,เสื้อยืด,2,259,518,บัตรเครดิต,สาขาเชียงใหม่
TXN00074,CUS0017,2024-08-01 11:16:52,P012,เดรสสีพื้น แขนกุด,เดรส,3,750,2250,เงินสด,สาขาเซ็นทรัลเวิลด์
TXN00073,CUS0017,2024-10-20 17:17:32,P007,กางเกงยีนส์ขาเดฟ,กางเกงยีนส์,2,950,1900,บัตรเครดิต,สาขาเซ็นทรัลเวิลด์
TXN00076,CUS0017,2025-03-22 11:37:33,P001,เสื้อยืดคอกลม สีขาว,เสื้อยืด,3,259,777,บัตรเครดิต,ออนไลน์
TXN00075,CUS0017,2026-03-19 10:25:01,P006,กางเกงยีนส์ขาตรง,กางเกงยีนส์,2,890,1780,โอนเงิน/พร้อมเพย์,สาขาเชียงใหม่
TXN00077,CUS0017,2026-08-03 17:09:18,P011,เดรสลายดอก,เดรส,2,890,1780,TrueMoney Wallet,สาขาเซ็นทรัลเวิลด์
TXN00078,CUS0018,2026-06-18 20:27:46,P027,เสื้อแขนยาวลายสก็อต,เสื้อเชิ้ต,3,620,1860,TrueMoney Wallet,สาขาเซ็นทรัลเวิลด์
TXN00082,CUS0019,2024-09-30 17:51:04,P027,เสื้อแขนยาวลายสก็อต,เสื้อเชิ้ต,2,620,1240,TrueMoney Wallet,สาขาสยาม
TXN00081,CUS0019,2024-10-16 20:34:43,P019,รองเท้าแตะ,รองเท้า,3,350,1050,บัตรเครดิต,ออนไลน์
TXN00084,CUS0019,2025-06-25 13:46:48,P001,เสื้อยืดคอกลม สีขาว,เสื้อยืด,1,259,259,บัตรเครดิต,สาขาเซ็นทรัลเวิลด์
TXN00080,CUS0019,2025-10-01 11:24:53,P017,รองเท้าผ้าใบสีขาว,รองเท้า,3,1290,3870,LINE Pay,สาขาสยาม
TXN00083,CUS0019,2026-03-19 11:47:47,P026,ชุดออกกำลังกาย เซ็ต,ชุดกีฬา,3,1050,3150,LINE Pay,สาขาเชียงใหม่
TXN00087,CUS0019,2026-06-03 12:21:16,P024,เข็มขัดหนัง,เข็มขัด,1,490,490,โอนเงิน/พร้อมเพย์,สาขาเซ็นทรัลเวิลด์
TXN00079,CUS0019,2026-07-17 13:05:01,P025,ถุงเท้าลายการ์ตูน (แพ็ค 3),ถุงเท้า,3,199,597,เงินสด,สาขาเซ็นทรัลเวิลด์
TXN00085,CUS0019,2026-07-24 17:31:54,P022,หมวกแก๊ป,หมวก,3,350,1050,LINE Pay,สาขาสยาม
TXN00086,CUS0019,2026-08-28 14:49:02,P028,กางเกงสแล็คทำงาน,กางเกงสแล็ค,2,790,1580,TrueMoney Wallet,สาขาเซ็นทรัลเวิลด์
TXN00088,CUS0020,2026-06-03 14:43:06,P016,สเวตเตอร์ถักไหมพรม,สเวตเตอร์,1,850,850,บัตรเครดิต,ออนไลน์
TXN00091,CUS0021,2024-07-02 13:04:37,P010,กระโปรงยีนส์,กระโปรง,2,720,1440,เงินสด,สาขาเซ็นทรัลเวิลด์
TXN00093,CUS0021,2025-05-16 13:31:57,P025,ถุงเท้าลายการ์ตูน (แพ็ค 3),ถุงเท้า,1,199,199,LINE Pay,ออนไลน์
TXN00090,CUS0021,2025-11-24 11:52:32,P017,รองเท้าผ้าใบสีขาว,รองเท้า,2,1290,2580,LINE Pay,สาขาเชียงใหม่
TXN00092,CUS0021,2026-04-07 14:23:08,P015,ฮู้ดดี้ สีเทา,ฮู้ดดี้,3,690,2070,TrueMoney Wallet,สาขาเชียงใหม่
TXN00089,CUS0021,2026-05-28 13:19:05,P023,หมวกบักเก็ต,หมวก,1,390,390,LINE Pay,สาขาสยาม
TXN00094,CUS0022,2026-06-20 20:28:25,P006,กางเกงยีนส์ขาตรง,กางเกงยีนส์,1,890,890,โอนเงิน/พร้อมเพย์,สาขาเซ็นทรัลเวิลด์
TXN00101,CUS0023,2023-06-15 10:59:46,P026,ชุดออกกำลังกาย เซ็ต,ชุดกีฬา,3,1050,3150,LINE Pay,ออนไลน์
TXN00098,CUS0023,2024-08-07 20:59:09,P004,เสื้อเชิ้ตลายทาง,เสื้อเชิ้ต,1,590,590,บัตรเครดิต,สาขาเชียงใหม่
TXN00096,CUS0023,2025-02-01 11:25:24,P013,แจ็คเก็ตยีนส์,แจ็คเก็ต,2,1290,2580,TrueMoney Wallet,สาขาสยาม
TXN00095,CUS0023,2025-03-26 11:59:12,P012,เดรสสีพื้น แขนกุด,เดรส,2,750,1500,เงินสด,สาขาเชียงใหม่
TXN00097,CUS0023,2025-05-26 14:54:03,P011,เดรสลายดอก,เดรส,2,890,1780,โอนเงิน/พร้อมเพย์,สาขาสยาม
TXN00099,CUS0023,2025-11-12 15:12:49,P028,กางเกงสแล็คทำงาน,กางเกงสแล็ค,2,790,1580,โอนเงิน/พร้อมเพย์,ออนไลน์
TXN00100,CUS0023,2026-07-16 16:58:56,P001,เสื้อยืดคอกลม สีขาว,เสื้อยืด,1,259,259,TrueMoney Wallet,สาขาเซ็นทรัลเวิลด์
TXN00106,CUS0024,2025-03-02 12:21:35,P016,สเวตเตอร์ถักไหมพรม,สเวตเตอร์,1,850,850,เงินสด,สาขาเชียงใหม่
TXN00104,CUS0024,2025-05-14 11:13:32,P021,กระเป๋าเป้,กระเป๋า,1,1190,1190,LINE Pay,สาขาเซ็นทรัลเวิลด์
TXN00103,CUS0024,2025-08-01 14:30:35,P005,เสื้อเชิ้ตแขนสั้น สีฟ้า,เสื้อเชิ้ต,3,550,1650,LINE Pay,สาขาสยาม
TXN00109,CUS0024,2025-09-02 15:48:03,P029,แว่นกันแดด,แอคเซสซอรี่,2,450,900,LINE Pay,สาขาเชียงใหม่
TXN00111,CUS0024,2025-09-03 13:24:25,P026,ชุดออกกำลังกาย เซ็ต,ชุดกีฬา,1,1050,1050,LINE Pay,ออนไลน์
TXN00105,CUS0024,2025-11-05 17:27:08,P010,กระโปรงยีนส์,กระโปรง,2,720,1440,TrueMoney Wallet,สาขาเซ็นทรัลเวิลด์
TXN00102,CUS0024,2025-11-16 14:19:16,P025,ถุงเท้าลายการ์ตูน (แพ็ค 3),ถุงเท้า,2,199,398,โอนเงิน/พร้อมเพย์,ออนไลน์
TXN00110,CUS0024,2025-12-03 12:43:32,P006,กางเกงยีนส์ขาตรง,กางเกงยีนส์,3,890,2670,TrueMoney Wallet,สาขาเซ็นทรัลเวิลด์
TXN00107,CUS0024,2025-12-12 14:51:36,P002,เสื้อยืดคอกลม สีดำ,เสื้อยืด,1,259,259,บัตรเครดิต,สาขาสยาม
TXN00108,CUS0024,2026-01-26 16:26:47,P018,รองเท้าผ้าใบลายพราง,รองเท้า,3,1390,4170,TrueMoney Wallet,สาขาเซ็นทรัลเวิลด์
TXN00115,CUS0025,2023-04-18 10:50:08,P005,เสื้อเชิ้ตแขนสั้น สีฟ้า,เสื้อเชิ้ต,3,550,1650,บัตรเครดิต,สาขาสยาม
TXN00114,CUS0025,2023-12-05 18:43:06,P001,เสื้อยืดคอกลม สีขาว,เสื้อยืด,1,259,259,LINE Pay,สาขาสยาม
TXN00116,CUS0025,2024-10-11 12:40:16,P002,เสื้อยืดคอกลม สีดำ,เสื้อยืด,3,259,777,TrueMoney Wallet,ออนไลน์
TXN00113,CUS0025,2025-09-12 17:15:50,P027,เสื้อแขนยาวลายสก็อต,เสื้อเชิ้ต,3,620,1860,เงินสด,สาขาเซ็นทรัลเวิลด์
TXN00112,CUS0025,2025-09-23 19:31:00,P028,กางเกงสแล็คทำงาน,กางเกงสแล็ค,2,790,1580,เงินสด,ออนไลน์
TXN00118,CUS0026,2024-06-25 10:34:19,P003,เสื้อโปโล สีกรม,เสื้อโปโล,3,399,1197,LINE Pay,สาขาเชียงใหม่
TXN00117,CUS0026,2025-12-13 19:12:24,P004,เสื้อเชิ้ตลายทาง,เสื้อเชิ้ต,2,590,1180,โอนเงิน/พร้อมเพย์,สาขาเซ็นทรัลเวิลด์
TXN00122,CUS0027,2024-08-24 21:21:45,P016,สเวตเตอร์ถักไหมพรม,สเวตเตอร์,2,850,1700,LINE Pay,สาขาเชียงใหม่
TXN00120,CUS0027,2025-02-04 17:56:43,P027,เสื้อแขนยาวลายสก็อต,เสื้อเชิ้ต,1,620,620,LINE Pay,สาขาสยาม
TXN00121,CUS0027,2025-03-11 20:27:59,P008,กางเกงขาสั้นผ้าฝ้าย,กางเกงขาสั้น,2,450,900,โอนเงิน/พร้อมเพย์,สาขาเซ็นทรัลเวิลด์
TXN00119,CUS0027,2025-03-30 10:26:45,P021,กระเป๋าเป้,กระเป๋า,3,1190,3570,โอนเงิน/พร้อมเพย์,สาขาสยาม
TXN00123,CUS0027,2025-08-30 13:00:51,P017,รองเท้าผ้าใบสีขาว,รองเท้า,3,1290,3870,โอนเงิน/พร้อมเพย์,สาขาสยาม
TXN00124,CUS0027,2025-12-10 13:19:49,P028,กางเกงสแล็คทำงาน,กางเกงสแล็ค,1,790,790,บัตรเครดิต,สาขาเซ็นทรัลเวิลด์
TXN00126,CUS0028,2023-01-20 13:01:38,P009,กระโปรงจีบ สีดำ,กระโปรง,2,690,1380,บัตรเครดิต,ออนไลน์
TXN00127,CUS0028,2023-02-01 12:25:28,P025,ถุงเท้าลายการ์ตูน (แพ็ค 3),ถุงเท้า,1,199,199,โอนเงิน/พร้อมเพย์,สาขาสยาม
TXN00128,CUS0028,2023-09-05 15:12:11,P010,กระโปรงยีนส์,กระโปรง,1,720,720,TrueMoney Wallet,ออนไลน์
TXN00130,CUS0028,2023-09-12 11:00:05,P020,กระเป๋าสะพายข้าง,กระเป๋า,2,990,1980,โอนเงิน/พร้อมเพย์,สาขาสยาม
TXN00125,CUS0028,2024-01-01 17:26:58,P008,กางเกงขาสั้นผ้าฝ้าย,กางเกงขาสั้น,1,450,450,เงินสด,สาขาเซ็นทรัลเวิลด์
TXN00132,CUS0028,2024-06-24 16:05:03,P028,กางเกงสแล็คทำงาน,กางเกงสแล็ค,2,790,1580,LINE Pay,สาขาเซ็นทรัลเวิลด์
TXN00129,CUS0028,2024-06-30 20:46:24,P004,เสื้อเชิ้ตลายทาง,เสื้อเชิ้ต,1,590,590,โอนเงิน/พร้อมเพย์,สาขาเชียงใหม่
TXN00131,CUS0028,2025-02-07 11:35:48,P016,สเวตเตอร์ถักไหมพรม,สเวตเตอร์,2,850,1700,บัตรเครดิต,ออนไลน์
TXN00137,CUS0029,2024-09-22 21:48:38,P012,เดรสสีพื้น แขนกุด,เดรส,2,750,1500,เงินสด,สาขาสยาม
TXN00133,CUS0029,2024-10-20 20:26:15,P018,รองเท้าผ้าใบลายพราง,รองเท้า,2,1390,2780,LINE Pay,สาขาสยาม
TXN00134,CUS0029,2024-10-24 17:04:51,P015,ฮู้ดดี้ สีเทา,ฮู้ดดี้,2,690,1380,เงินสด,สาขาเชียงใหม่
TXN00136,CUS0029,2024-11-02 14:47:45,P011,เดรสลายดอก,เดรส,3,890,2670,โอนเงิน/พร้อมเพย์,สาขาเชียงใหม่
TXN00135,CUS0029,2024-11-22 19:21:23,P007,กางเกงยีนส์ขาเดฟ,กางเกงยีนส์,1,950,950,โอนเงิน/พร้อมเพย์,สาขาเชียงใหม่
TXN00138,CUS0029,2025-01-06 17:45:29,P024,เข็มขัดหนัง,เข็มขัด,1,490,490,LINE Pay,สาขาเชียงใหม่
TXN00141,CUS0030,2024-03-20 20:02:30,P005,เสื้อเชิ้ตแขนสั้น สีฟ้า,เสื้อเชิ้ต,2,550,1100,TrueMoney Wallet,สาขาเชียงใหม่
TXN00140,CUS0030,2024-04-18 18:12:25,P016,สเวตเตอร์ถักไหมพรม,สเวตเตอร์,2,850,1700,บัตรเครดิต,สาขาเซ็นทรัลเวิลด์
TXN00143,CUS0030,2024-05-24 16:31:45,P006,กางเกงยีนส์ขาตรง,กางเกงยีนส์,1,890,890,LINE Pay,สาขาเซ็นทรัลเวิลด์
TXN00144,CUS0030,2024-08-07 16:29:39,P001,เสื้อยืดคอกลม สีขาว,เสื้อยืด,1,259,259,บัตรเครดิต,สาขาสยาม
TXN00139,CUS0030,2024-09-13 19:15:20,P027,เสื้อแขนยาวลายสก็อต,เสื้อเชิ้ต,2,620,1240,โอนเงิน/พร้อมเพย์,ออนไลน์
TXN00145,CUS0030,2025-07-02 14:36:17,P024,เข็มขัดหนัง,เข็มขัด,2,490,980,โอนเงิน/พร้อมเพย์,สาขาเชียงใหม่
TXN00142,CUS0030,2026-03-31 11:04:16,P029,แว่นกันแดด,แอคเซสซอรี่,1,450,450,TrueMoney Wallet,สาขาสยาม
TXN00149,CUS0031,2024-11-06 14:14:07,P006,กางเกงยีนส์ขาตรง,กางเกงยีนส์,2,890,1780,เงินสด,สาขาเซ็นทรัลเวิลด์
TXN00148,CUS0031,2025-01-08 10:30:56,P008,กางเกงขาสั้นผ้าฝ้าย,กางเกงขาสั้น,1,450,450,บัตรเครดิต,ออนไลน์
TXN00147,CUS0031,2026-02-27 18:14:41,P015,ฮู้ดดี้ สีเทา,ฮู้ดดี้,1,690,690,เงินสด,ออนไลน์
TXN00146,CUS0031,2026-05-11 13:20:04,P007,กางเกงยีนส์ขาเดฟ,กางเกงยีนส์,2,950,1900,LINE Pay,สาขาเชียงใหม่
TXN00150,CUS0031,2026-05-16 13:59:04,P005,เสื้อเชิ้ตแขนสั้น สีฟ้า,เสื้อเชิ้ต,3,550,1650,โอนเงิน/พร้อมเพย์,สาขาเซ็นทรัลเวิลด์
TXN00152,CUS0032,2023-01-03 13:16:02,P009,กระโปรงจีบ สีดำ,กระโปรง,1,690,690,TrueMoney Wallet,สาขาเซ็นทรัลเวิลด์
TXN00154,CUS0032,2023-11-25 10:50:31,P028,กางเกงสแล็คทำงาน,กางเกงสแล็ค,1,790,790,TrueMoney Wallet,ออนไลน์
TXN00157,CUS0032,2024-05-07 20:19:26,P004,เสื้อเชิ้ตลายทาง,เสื้อเชิ้ต,2,590,1180,เงินสด,สาขาเชียงใหม่
TXN00153,CUS0032,2024-08-05 16:43:23,P025,ถุงเท้าลายการ์ตูน (แพ็ค 3),ถุงเท้า,1,199,199,บัตรเครดิต,สาขาเชียงใหม่
TXN00155,CUS0032,2025-01-17 11:50:25,P022,หมวกแก๊ป,หมวก,1,350,350,TrueMoney Wallet,สาขาเซ็นทรัลเวิลด์
TXN00156,CUS0032,2025-10-02 11:41:10,P001,เสื้อยืดคอกลม สีขาว,เสื้อยืด,3,259,777,LINE Pay,สาขาเชียงใหม่
TXN00158,CUS0032,2025-12-08 15:26:26,P021,กระเป๋าเป้,กระเป๋า,3,1190,3570,เงินสด,สาขาเชียงใหม่
TXN00151,CUS0032,2026-03-27 15:13:02,P020,กระเป๋าสะพายข้าง,กระเป๋า,3,990,2970,โอนเงิน/พร้อมเพย์,สาขาเชียงใหม่
TXN00159,CUS0033,2024-02-19 16:07:52,P013,แจ็คเก็ตยีนส์,แจ็คเก็ต,2,1290,2580,เงินสด,ออนไลน์
TXN00160,CUS0033,2025-04-20 17:49:10,P024,เข็มขัดหนัง,เข็มขัด,3,490,1470,บัตรเครดิต,สาขาสยาม
TXN00162,CUS0033,2025-05-03 21:32:10,P001,เสื้อยืดคอกลม สีขาว,เสื้อยืด,3,259,777,บัตรเครดิต,สาขาเชียงใหม่
TXN00161,CUS0033,2026-05-08 12:41:51,P007,กางเกงยีนส์ขาเดฟ,กางเกงยีนส์,1,950,950,LINE Pay,สาขาสยาม
TXN00164,CUS0034,2025-06-21 19:59:40,P017,รองเท้าผ้าใบสีขาว,รองเท้า,2,1290,2580,LINE Pay,สาขาสยาม
TXN00167,CUS0034,2025-09-13 10:25:33,P004,เสื้อเชิ้ตลายทาง,เสื้อเชิ้ต,3,590,1770,บัตรเครดิต,ออนไลน์
TXN00166,CUS0034,2025-12-18 19:54:12,P003,เสื้อโปโล สีกรม,เสื้อโปโล,3,399,1197,LINE Pay,สาขาเซ็นทรัลเวิลด์
TXN00163,CUS0034,2026-01-31 13:19:08,P006,กางเกงยีนส์ขาตรง,กางเกงยีนส์,2,890,1780,เงินสด,ออนไลน์
TXN00165,CUS0034,2026-04-07 21:52:57,P030,สร้อยคอเงิน,แอคเซสซอรี่,3,690,2070,บัตรเครดิต,สาขาเซ็นทรัลเวิลด์
TXN00168,CUS0035,2025-12-17 20:53:20,P004,เสื้อเชิ้ตลายทาง,เสื้อเชิ้ต,3,590,1770,เงินสด,ออนไลน์
TXN00172,CUS0035,2026-03-28 17:48:39,P007,กางเกงยีนส์ขาเดฟ,กางเกงยีนส์,2,950,1900,LINE Pay,สาขาเซ็นทรัลเวิลด์
TXN00170,CUS0035,2026-04-04 16:24:42,P008,กางเกงขาสั้นผ้าฝ้าย,กางเกงขาสั้น,2,450,900,โอนเงิน/พร้อมเพย์,ออนไลน์
TXN00173,CUS0035,2026-06-20 11:04:08,P002,เสื้อยืดคอกลม สีดำ,เสื้อยืด,2,259,518,โอนเงิน/พร้อมเพย์,ออนไลน์
TXN00171,CUS0035,2026-07-10 12:01:00,P024,เข็มขัดหนัง,เข็มขัด,3,490,1470,TrueMoney Wallet,ออนไลน์
TXN00169,CUS0035,2026-07-19 18:54:40,P005,เสื้อเชิ้ตแขนสั้น สีฟ้า,เสื้อเชิ้ต,3,550,1650,โอนเงิน/พร้อมเพย์,ออนไลน์
TXN00174,CUS0036,2024-02-22 20:08:05,P003,เสื้อโปโล สีกรม,เสื้อโปโล,1,399,399,โอนเงิน/พร้อมเพย์,สาขาสยาม
TXN00176,CUS0036,2025-10-01 21:44:52,P015,ฮู้ดดี้ สีเทา,ฮู้ดดี้,1,690,690,เงินสด,สาขาเซ็นทรัลเวิลด์
TXN00175,CUS0036,2026-02-20 18:57:24,P026,ชุดออกกำลังกาย เซ็ต,ชุดกีฬา,1,1050,1050,บัตรเครดิต,สาขาสยาม
TXN00178,CUS0036,2026-05-14 15:39:48,P027,เสื้อแขนยาวลายสก็อต,เสื้อเชิ้ต,1,620,620,โอนเงิน/พร้อมเพย์,สาขาเซ็นทรัลเวิลด์
TXN00177,CUS0036,2026-07-06 17:18:51,P017,รองเท้าผ้าใบสีขาว,รองเท้า,1,1290,1290,บัตรเครดิต,สาขาเซ็นทรัลเวิลด์
TXN00179,CUS0036,2026-07-18 19:17:57,P022,หมวกแก๊ป,หมวก,2,350,700,LINE Pay,สาขาเซ็นทรัลเวิลด์
TXN00182,CUS0037,2024-07-05 14:07:49,P016,สเวตเตอร์ถักไหมพรม,สเวตเตอร์,2,850,1700,TrueMoney Wallet,สาขาสยาม
TXN00183,CUS0037,2025-07-31 17:35:33,P007,กางเกงยีนส์ขาเดฟ,กางเกงยีนส์,3,950,2850,TrueMoney Wallet,สาขาสยาม
TXN00181,CUS0037,2025-10-29 12:40:59,P030,สร้อยคอเงิน,แอคเซสซอรี่,1,690,690,โอนเงิน/พร้อมเพย์,สาขาเชียงใหม่
TXN00180,CUS0037,2026-05-27 13:20:23,P017,รองเท้าผ้าใบสีขาว,รองเท้า,2,1290,2580,เงินสด,สาขาเซ็นทรัลเวิลด์
TXN00184,CUS0037,2026-07-27 20:54:25,P019,รองเท้าแตะ,รองเท้า,2,350,700,โอนเงิน/พร้อมเพย์,สาขาเชียงใหม่
TXN00187,CUS0038,2025-02-13 21:02:14,P005,เสื้อเชิ้ตแขนสั้น สีฟ้า,เสื้อเชิ้ต,3,550,1650,บัตรเครดิต,สาขาเชียงใหม่
TXN00191,CUS0038,2025-09-29 16:37:19,P003,เสื้อโปโล สีกรม,เสื้อโปโล,3,399,1197,TrueMoney Wallet,สาขาเซ็นทรัลเวิลด์
TXN00189,CUS0038,2025-10-02 19:41:02,P011,เดรสลายดอก,เดรส,2,890,1780,เงินสด,สาขาสยาม
TXN00185,CUS0038,2025-10-05 12:39:47,P012,เดรสสีพื้น แขนกุด,เดรส,2,750,1500,เงินสด,สาขาเชียงใหม่
TXN00186,CUS0038,2025-10-29 14:40:55,P019,รองเท้าแตะ,รองเท้า,3,350,1050,TrueMoney Wallet,สาขาเชียงใหม่
TXN00188,CUS0038,2026-04-30 16:32:23,P030,สร้อยคอเงิน,แอคเซสซอรี่,3,690,2070,เงินสด,สาขาเซ็นทรัลเวิลด์
TXN00190,CUS0038,2026-09-15 15:19:06,P025,ถุงเท้าลายการ์ตูน (แพ็ค 3),ถุงเท้า,1,199,199,TrueMoney Wallet,สาขาเชียงใหม่
TXN00194,CUS0039,2025-09-26 10:41:52,P027,เสื้อแขนยาวลายสก็อต,เสื้อเชิ้ต,2,620,1240,TrueMoney Wallet,สาขาเชียงใหม่
TXN00193,CUS0039,2025-11-09 11:40:09,P020,กระเป๋าสะพายข้าง,กระเป๋า,2,990,1980,โอนเงิน/พร้อมเพย์,ออนไลน์
TXN00192,CUS0039,2025-11-28 10:59:51,P012,เดรสสีพื้น แขนกุด,เดรส,1,750,750,บัตรเครดิต,สาขาเซ็นทรัลเวิลด์
TXN00195,CUS0039,2026-08-17 19:28:38,P016,สเวตเตอร์ถักไหมพรม,สเวตเตอร์,3,850,2550,TrueMoney Wallet,ออนไลน์
TXN00197,CUS0040,2023-08-30 10:39:35,P029,แว่นกันแดด,แอคเซสซอรี่,1,450,450,บัตรเครดิต,สาขาเซ็นทรัลเวิลด์
TXN00199,CUS0040,2024-01-20 18:19:04,P002,เสื้อยืดคอกลม สีดำ,เสื้อยืด,3,259,777,โอนเงิน/พร้อมเพย์,สาขาสยาม
TXN00198,CUS0040,2024-03-11 18:38:41,P001,เสื้อยืดคอกลม สีขาว,เสื้อยืด,2,259,518,TrueMoney Wallet,ออนไลน์
TXN00196,CUS0040,2026-01-20 10:25:11,P006,กางเกงยีนส์ขาตรง,กางเกงยีนส์,1,890,890,บัตรเครดิต,สาขาเซ็นทรัลเวิลด์
TXN00204,CUS0041,2023-09-19 13:53:47,P014,แจ็คเก็ตกันหนาว,แจ็คเก็ต,1,1590,1590,บัตรเครดิต,สาขาเซ็นทรัลเวิลด์
TXN00205,CUS0041,2024-02-02 13:56:24,P024,เข็มขัดหนัง,เข็มขัด,3,490,1470,โอนเงิน/พร้อมเพย์,สาขาเซ็นทรัลเวิลด์
TXN00207,CUS0041,2025-03-25 21:00:54,P003,เสื้อโปโล สีกรม,เสื้อโปโล,2,399,798,เงินสด,ออนไลน์
TXN00206,CUS0041,2025-10-16 21:42:53,P015,ฮู้ดดี้ สีเทา,ฮู้ดดี้,2,690,1380,TrueMoney Wallet,ออนไลน์
TXN00202,CUS0041,2025-10-27 18:43:27,P001,เสื้อยืดคอกลม สีขาว,เสื้อยืด,2,259,518,TrueMoney Wallet,สาขาเชียงใหม่
TXN00203,CUS0041,2025-11-08 13:05:56,P013,แจ็คเก็ตยีนส์,แจ็คเก็ต,2,1290,2580,TrueMoney Wallet,สาขาสยาม
TXN00201,CUS0041,2025-11-12 10:07:21,P018,รองเท้าผ้าใบลายพราง,รองเท้า,1,1390,1390,โอนเงิน/พร้อมเพย์,สาขาสยาม
TXN00200,CUS0041,2025-12-06 17:11:14,P023,หมวกบักเก็ต,หมวก,3,390,1170,เงินสด,สาขาเชียงใหม่
TXN00209,CUS0042,2026-08-13 10:07:06,P029,แว่นกันแดด,แอคเซสซอรี่,1,450,450,TrueMoney Wallet,สาขาเซ็นทรัลเวิลด์
TXN00211,CUS0042,2026-08-13 21:04:47,P026,ชุดออกกำลังกาย เซ็ต,ชุดกีฬา,3,1050,3150,เงินสด,สาขาสยาม
TXN00210,CUS0042,2026-08-20 21:01:01,P010,กระโปรงยีนส์,กระโปรง,2,720,1440,เงินสด,สาขาเซ็นทรัลเวิลด์
TXN00208,CUS0042,2026-09-05 19:37:04,P019,รองเท้าแตะ,รองเท้า,1,350,350,TrueMoney Wallet,สาขาเซ็นทรัลเวิลด์
TXN00217,CUS0043,2024-08-11 16:33:49,P022,หมวกแก๊ป,หมวก,2,350,700,เงินสด,สาขาเชียงใหม่
TXN00214,CUS0043,2025-02-05 14:20:21,P007,กางเกงยีนส์ขาเดฟ,กางเกงยีนส์,3,950,2850,LINE Pay,สาขาเชียงใหม่
TXN00212,CUS0043,2025-02-06 13:07:02,P025,ถุงเท้าลายการ์ตูน (แพ็ค 3),ถุงเท้า,1,199,199,เงินสด,สาขาสยาม
TXN00219,CUS0043,2025-05-01 12:27:00,P023,หมวกบักเก็ต,หมวก,3,390,1170,TrueMoney Wallet,สาขาเซ็นทรัลเวิลด์
TXN00215,CUS0043,2025-07-05 14:59:18,P027,เสื้อแขนยาวลายสก็อต,เสื้อเชิ้ต,1,620,620,เงินสด,สาขาเชียงใหม่
TXN00213,CUS0043,2026-04-19 14:30:06,P012,เดรสสีพื้น แขนกุด,เดรส,3,750,2250,บัตรเครดิต,สาขาสยาม
TXN00221,CUS0043,2026-06-22 12:31:37,P004,เสื้อเชิ้ตลายทาง,เสื้อเชิ้ต,2,590,1180,โอนเงิน/พร้อมเพย์,สาขาเชียงใหม่
TXN00218,CUS0043,2026-07-02 10:34:36,P003,เสื้อโปโล สีกรม,เสื้อโปโล,2,399,798,บัตรเครดิต,สาขาสยาม
TXN00220,CUS0043,2026-08-30 10:00:22,P013,แจ็คเก็ตยีนส์,แจ็คเก็ต,2,1290,2580,LINE Pay,สาขาสยาม
TXN00216,CUS0043,2026-09-06 19:32:30,P018,รองเท้าผ้าใบลายพราง,รองเท้า,2,1390,2780,โอนเงิน/พร้อมเพย์,สาขาสยาม
TXN00224,CUS0044,2024-05-11 15:13:19,P027,เสื้อแขนยาวลายสก็อต,เสื้อเชิ้ต,3,620,1860,โอนเงิน/พร้อมเพย์,ออนไลน์
TXN00223,CUS0044,2024-07-22 16:59:25,P010,กระโปรงยีนส์,กระโปรง,2,720,1440,เงินสด,ออนไลน์
TXN00231,CUS0044,2024-09-22 13:46:20,P021,กระเป๋าเป้,กระเป๋า,3,1190,3570,TrueMoney Wallet,สาขาเชียงใหม่
TXN00230,CUS0044,2025-02-18 21:52:53,P004,เสื้อเชิ้ตลายทาง,เสื้อเชิ้ต,2,590,1180,TrueMoney Wallet,สาขาเซ็นทรัลเวิลด์
TXN00229,CUS0044,2025-03-24 17:41:56,P030,สร้อยคอเงิน,แอคเซสซอรี่,1,690,690,บัตรเครดิต,สาขาเซ็นทรัลเวิลด์
TXN00228,CUS0044,2025-08-03 17:44:49,P016,สเวตเตอร์ถักไหมพรม,สเวตเตอร์,1,850,850,โอนเงิน/พร้อมเพย์,สาขาเซ็นทรัลเวิลด์
TXN00222,CUS0044,2025-08-31 21:35:50,P006,กางเกงยีนส์ขาตรง,กางเกงยีนส์,1,890,890,เงินสด,สาขาเชียงใหม่
TXN00225,CUS0044,2025-09-11 12:24:56,P007,กางเกงยีนส์ขาเดฟ,กางเกงยีนส์,3,950,2850,บัตรเครดิต,ออนไลน์
TXN00226,CUS0044,2025-10-12 19:48:44,P023,หมวกบักเก็ต,หมวก,1,390,390,TrueMoney Wallet,สาขาสยาม
TXN00227,CUS0044,2025-12-02 15:33:09,P008,กางเกงขาสั้นผ้าฝ้าย,กางเกงขาสั้น,2,450,900,LINE Pay,สาขาเชียงใหม่
TXN00232,CUS0045,2024-01-23 12:42:06,P008,กางเกงขาสั้นผ้าฝ้าย,กางเกงขาสั้น,2,450,900,บัตรเครดิต,ออนไลน์
TXN00234,CUS0045,2024-02-07 20:58:06,P007,กางเกงยีนส์ขาเดฟ,กางเกงยีนส์,1,950,950,โอนเงิน/พร้อมเพย์,สาขาเซ็นทรัลเวิลด์
TXN00233,CUS0045,2024-04-27 14:46:19,P011,เดรสลายดอก,เดรส,1,890,890,LINE Pay,สาขาเชียงใหม่
TXN00239,CUS0046,2024-12-05 20:07:29,P026,ชุดออกกำลังกาย เซ็ต,ชุดกีฬา,3,1050,3150,LINE Pay,สาขาเชียงใหม่
TXN00235,CUS0046,2025-10-28 20:18:29,P015,ฮู้ดดี้ สีเทา,ฮู้ดดี้,1,690,690,เงินสด,สาขาเซ็นทรัลเวิลด์
TXN00237,CUS0046,2026-01-11 19:47:41,P001,เสื้อยืดคอกลม สีขาว,เสื้อยืด,3,259,777,LINE Pay,สาขาเซ็นทรัลเวิลด์
TXN00236,CUS0046,2026-02-11 21:25:00,P002,เสื้อยืดคอกลม สีดำ,เสื้อยืด,2,259,518,บัตรเครดิต,ออนไลน์
TXN00240,CUS0046,2026-03-08 21:06:57,P014,แจ็คเก็ตกันหนาว,แจ็คเก็ต,2,1590,3180,LINE Pay,สาขาเซ็นทรัลเวิลด์
TXN00241,CUS0046,2026-06-03 21:40:10,P023,หมวกบักเก็ต,หมวก,2,390,780,โอนเงิน/พร้อมเพย์,ออนไลน์
TXN00238,CUS0046,2026-06-12 20:56:56,P013,แจ็คเก็ตยีนส์,แจ็คเก็ต,3,1290,3870,TrueMoney Wallet,สาขาเซ็นทรัลเวิลด์
TXN00247,CUS0047,2025-08-21 14:17:24,P022,หมวกแก๊ป,หมวก,3,350,1050,LINE Pay,สาขาสยาม
TXN00248,CUS0047,2025-08-31 16:58:26,P025,ถุงเท้าลายการ์ตูน (แพ็ค 3),ถุงเท้า,1,199,199,โอนเงิน/พร้อมเพย์,สาขาเชียงใหม่
TXN00249,CUS0047,2025-11-15 14:47:25,P006,กางเกงยีนส์ขาตรง,กางเกงยีนส์,1,890,890,TrueMoney Wallet,สาขาเซ็นทรัลเวิลด์
TXN00243,CUS0047,2025-11-29 18:13:10,P001,เสื้อยืดคอกลม สีขาว,เสื้อยืด,1,259,259,บัตรเครดิต,สาขาเชียงใหม่
TXN00242,CUS0047,2026-01-07 10:24:53,P015,ฮู้ดดี้ สีเทา,ฮู้ดดี้,3,690,2070,LINE Pay,สาขาสยาม
TXN00244,CUS0047,2026-05-14 17:34:13,P020,กระเป๋าสะพายข้าง,กระเป๋า,1,990,990,LINE Pay,สาขาสยาม
TXN00246,CUS0047,2026-07-09 12:25:32,P017,รองเท้าผ้าใบสีขาว,รองเท้า,1,1290,1290,เงินสด,สาขาเชียงใหม่
TXN00245,CUS0047,2026-09-02 15:33:21,P014,แจ็คเก็ตกันหนาว,แจ็คเก็ต,3,1590,4770,LINE Pay,ออนไลน์
TXN00253,CUS0048,2024-11-08 17:00:51,P005,เสื้อเชิ้ตแขนสั้น สีฟ้า,เสื้อเชิ้ต,2,550,1100,โอนเงิน/พร้อมเพย์,สาขาเชียงใหม่
TXN00254,CUS0048,2025-07-04 15:30:31,P025,ถุงเท้าลายการ์ตูน (แพ็ค 3),ถุงเท้า,1,199,199,LINE Pay,สาขาสยาม
TXN00256,CUS0048,2025-08-19 12:33:53,P021,กระเป๋าเป้,กระเป๋า,1,1190,1190,โอนเงิน/พร้อมเพย์,สาขาสยาม
TXN00252,CUS0048,2025-10-20 13:17:45,P006,กางเกงยีนส์ขาตรง,กางเกงยีนส์,2,890,1780,LINE Pay,สาขาเชียงใหม่
TXN00255,CUS0048,2025-11-05 12:59:19,P003,เสื้อโปโล สีกรม,เสื้อโปโล,3,399,1197,LINE Pay,สาขาสยาม
TXN00251,CUS0048,2026-02-17 17:18:48,P007,กางเกงยีนส์ขาเดฟ,กางเกงยีนส์,2,950,1900,TrueMoney Wallet,สาขาเซ็นทรัลเวิลด์
TXN00250,CUS0048,2026-06-11 20:35:46,P015,ฮู้ดดี้ สีเทา,ฮู้ดดี้,1,690,690,บัตรเครดิต,สาขาเซ็นทรัลเวิลด์
TXN00257,CUS0049,2025-04-04 14:38:06,P007,กางเกงยีนส์ขาเดฟ,กางเกงยีนส์,1,950,950,TrueMoney Wallet,สาขาเซ็นทรัลเวิลด์
TXN00261,CUS0050,2025-02-15 14:26:14,P012,เดรสสีพื้น แขนกุด,เดรส,3,750,2250,บัตรเครดิต,ออนไลน์
TXN00258,CUS0050,2025-05-18 16:50:34,P006,กางเกงยีนส์ขาตรง,กางเกงยีนส์,1,890,890,บัตรเครดิต,สาขาสยาม
TXN00260,CUS0050,2025-05-23 18:05:47,P015,ฮู้ดดี้ สีเทา,ฮู้ดดี้,3,690,2070,LINE Pay,สาขาสยาม
TXN00259,CUS0050,2026-05-01 20:53:19,P025,ถุงเท้าลายการ์ตูน (แพ็ค 3),ถุงเท้า,3,199,597,บัตรเครดิต,ออนไลน์
TXN00265,CUS0051,2026-05-09 10:39:02,P015,ฮู้ดดี้ สีเทา,ฮู้ดดี้,3,690,2070,โอนเงิน/พร้อมเพย์,สาขาสยาม
TXN00262,CUS0051,2026-06-13 18:38:55,P018,รองเท้าผ้าใบลายพราง,รองเท้า,2,1390,2780,เงินสด,สาขาเซ็นทรัลเวิลด์
TXN00269,CUS0051,2026-07-28 16:16:35,P008,กางเกงขาสั้นผ้าฝ้าย,กางเกงขาสั้น,2,450,900,เงินสด,สาขาเชียงใหม่
TXN00267,CUS0051,2026-08-16 20:08:21,P023,หมวกบักเก็ต,หมวก,1,390,390,เงินสด,สาขาเชียงใหม่
TXN00264,CUS0051,2026-08-19 16:43:04,P016,สเวตเตอร์ถักไหมพรม,สเวตเตอร์,2,850,1700,บัตรเครดิต,สาขาเชียงใหม่
TXN00263,CUS0051,2026-08-29 21:36:31,P002,เสื้อยืดคอกลม สีดำ,เสื้อยืด,2,259,518,โอนเงิน/พร้อมเพย์,ออนไลน์
TXN00268,CUS0051,2026-08-31 18:35:49,P028,กางเกงสแล็คทำงาน,กางเกงสแล็ค,2,790,1580,บัตรเครดิต,สาขาเชียงใหม่
TXN00266,CUS0051,2026-09-02 17:48:57,P005,เสื้อเชิ้ตแขนสั้น สีฟ้า,เสื้อเชิ้ต,3,550,1650,บัตรเครดิต,สาขาสยาม
TXN00271,CUS0052,2025-02-02 15:45:19,P027,เสื้อแขนยาวลายสก็อต,เสื้อเชิ้ต,2,620,1240,บัตรเครดิต,สาขาสยาม
TXN00270,CUS0052,2025-04-25 18:22:13,P012,เดรสสีพื้น แขนกุด,เดรส,3,750,2250,LINE Pay,สาขาสยาม
TXN00273,CUS0052,2025-05-24 11:00:02,P013,แจ็คเก็ตยีนส์,แจ็คเก็ต,2,1290,2580,บัตรเครดิต,ออนไลน์
TXN00272,CUS0052,2025-09-02 21:35:56,P016,สเวตเตอร์ถักไหมพรม,สเวตเตอร์,1,850,850,LINE Pay,สาขาสยาม
TXN00274,CUS0052,2026-09-13 20:03:50,P011,เดรสลายดอก,เดรส,3,890,2670,TrueMoney Wallet,ออนไลน์
TXN00283,CUS0053,2022-08-03 10:43:42,P007,กางเกงยีนส์ขาเดฟ,กางเกงยีนส์,2,950,1900,เงินสด,สาขาสยาม
TXN00284,CUS0053,2023-03-30 12:30:01,P002,เสื้อยืดคอกลม สีดำ,เสื้อยืด,1,259,259,โอนเงิน/พร้อมเพย์,สาขาเซ็นทรัลเวิลด์
TXN00277,CUS0053,2023-05-05 14:35:45,P022,หมวกแก๊ป,หมวก,2,350,700,โอนเงิน/พร้อมเพย์,สาขาเชียงใหม่
TXN00276,CUS0053,2023-07-31 10:26:49,P021,กระเป๋าเป้,กระเป๋า,3,1190,3570,เงินสด,สาขาสยาม
TXN00278,CUS0053,2024-12-04 10:20:01,P023,หมวกบักเก็ต,หมวก,1,390,390,LINE Pay,สาขาสยาม
TXN00279,CUS0053,2025-09-29 18:02:52,P027,เสื้อแขนยาวลายสก็อต,เสื้อเชิ้ต,2,620,1240,เงินสด,ออนไลน์
TXN00281,CUS0053,2025-11-18 20:09:30,P028,กางเกงสแล็คทำงาน,กางเกงสแล็ค,3,790,2370,LINE Pay,สาขาสยาม
TXN00275,CUS0053,2026-02-11 17:40:48,P005,เสื้อเชิ้ตแขนสั้น สีฟ้า,เสื้อเชิ้ต,3,550,1650,บัตรเครดิต,สาขาสยาม
TXN00282,CUS0053,2026-03-05 17:13:57,P003,เสื้อโปโล สีกรม,เสื้อโปโล,1,399,399,บัตรเครดิต,สาขาสยาม
TXN00280,CUS0053,2026-06-18 16:28:04,P020,กระเป๋าสะพายข้าง,กระเป๋า,3,990,2970,เงินสด,ออนไลน์
TXN00292,CUS0054,2023-11-11 12:38:53,P023,หมวกบักเก็ต,หมวก,3,390,1170,โอนเงิน/พร้อมเพย์,ออนไลน์
TXN00288,CUS0054,2024-02-10 15:23:36,P002,เสื้อยืดคอกลม สีดำ,เสื้อยืด,2,259,518,LINE Pay,ออนไลน์
TXN00287,CUS0054,2024-03-22 16:19:19,P006,กางเกงยีนส์ขาตรง,กางเกงยีนส์,1,890,890,TrueMoney Wallet,สาขาเซ็นทรัลเวิลด์
TXN00285,CUS0054,2024-08-02 21:48:05,P024,เข็มขัดหนัง,เข็มขัด,3,490,1470,โอนเงิน/พร้อมเพย์,ออนไลน์
TXN00289,CUS0054,2024-09-15 12:51:07,P012,เดรสสีพื้น แขนกุด,เดรส,3,750,2250,โอนเงิน/พร้อมเพย์,สาขาเซ็นทรัลเวิลด์
TXN00286,CUS0054,2025-03-14 10:45:02,P030,สร้อยคอเงิน,แอคเซสซอรี่,2,690,1380,เงินสด,สาขาสยาม
TXN00291,CUS0054,2025-08-24 14:17:03,P029,แว่นกันแดด,แอคเซสซอรี่,3,450,1350,TrueMoney Wallet,สาขาเชียงใหม่
TXN00290,CUS0054,2026-02-12 17:24:49,P025,ถุงเท้าลายการ์ตูน (แพ็ค 3),ถุงเท้า,3,199,597,LINE Pay,สาขาเชียงใหม่
TXN00296,CUS0055,2024-04-18 18:35:31,P025,ถุงเท้าลายการ์ตูน (แพ็ค 3),ถุงเท้า,2,199,398,LINE Pay,สาขาเซ็นทรัลเวิลด์
TXN00295,CUS0055,2024-08-23 14:54:51,P020,กระเป๋าสะพายข้าง,กระเป๋า,1,990,990,TrueMoney Wallet,ออนไลน์
TXN00294,CUS0055,2026-03-10 12:37:58,P022,หมวกแก๊ป,หมวก,2,350,700,เงินสด,สาขาเชียงใหม่
TXN00293,CUS0055,2026-05-08 14:44:00,P013,แจ็คเก็ตยีนส์,แจ็คเก็ต,1,1290,1290,โอนเงิน/พร้อมเพย์,สาขาเชียงใหม่
TXN00299,CUS0056,2025-07-14 19:33:57,P002,เสื้อยืดคอกลม สีดำ,เสื้อยืด,1,259,259,โอนเงิน/พร้อมเพย์,สาขาเชียงใหม่
TXN00298,CUS0056,2025-11-17 18:05:34,P020,กระเป๋าสะพายข้าง,กระเป๋า,2,990,1980,โอนเงิน/พร้อมเพย์,สาขาสยาม
TXN00297,CUS0056,2025-11-28 21:13:59,P010,กระโปรงยีนส์,กระโปรง,2,720,1440,โอนเงิน/พร้อมเพย์,สาขาสยาม
TXN00300,CUS0056,2026-02-20 19:12:12,P022,หมวกแก๊ป,หมวก,2,350,700,บัตรเครดิต,สาขาเซ็นทรัลเวิลด์
TXN00301,CUS0057,2024-12-19 15:36:36,P006,กางเกงยีนส์ขาตรง,กางเกงยีนส์,3,890,2670,โอนเงิน/พร้อมเพย์,ออนไลน์
TXN00302,CUS0057,2026-07-23 12:15:02,P026,ชุดออกกำลังกาย เซ็ต,ชุดกีฬา,3,1050,3150,LINE Pay,สาขาเชียงใหม่
TXN00304,CUS0058,2025-10-18 18:38:01,P021,กระเป๋าเป้,กระเป๋า,2,1190,2380,เงินสด,สาขาสยาม
TXN00303,CUS0058,2026-07-05 11:09:20,P012,เดรสสีพื้น แขนกุด,เดรส,2,750,1500,TrueMoney Wallet,สาขาสยาม
TXN00306,CUS0059,2026-03-20 15:12:11,P019,รองเท้าแตะ,รองเท้า,2,350,700,LINE Pay,สาขาสยาม
TXN00307,CUS0059,2026-03-24 10:35:23,P016,สเวตเตอร์ถักไหมพรม,สเวตเตอร์,1,850,850,LINE Pay,ออนไลน์
TXN00305,CUS0059,2026-05-21 16:06:28,P028,กางเกงสแล็คทำงาน,กางเกงสแล็ค,2,790,1580,TrueMoney Wallet,สาขาเซ็นทรัลเวิลด์
TXN00308,CUS0059,2026-08-11 20:25:59,P007,กางเกงยีนส์ขาเดฟ,กางเกงยีนส์,1,950,950,เงินสด,สาขาสยาม
TXN00311,CUS0060,2026-07-09 10:16:50,P008,กางเกงขาสั้นผ้าฝ้าย,กางเกงขาสั้น,3,450,1350,TrueMoney Wallet,ออนไลน์
TXN00312,CUS0060,2026-07-18 12:20:48,P021,กระเป๋าเป้,กระเป๋า,1,1190,1190,เงินสด,สาขาเซ็นทรัลเวิลด์
TXN00310,CUS0060,2026-08-03 12:02:16,P019,รองเท้าแตะ,รองเท้า,1,350,350,โอนเงิน/พร้อมเพย์,สาขาสยาม
TXN00313,CUS0060,2026-08-13 19:37:28,P003,เสื้อโปโล สีกรม,เสื้อโปโล,3,399,1197,เงินสด,ออนไลน์
TXN00309,CUS0060,2026-09-08 16:11:28,P011,เดรสลายดอก,เดรส,3,890,2670,บัตรเครดิต,สาขาเชียงใหม่
TXN00314,CUS0061,2025-08-28 17:15:51,P012,เดรสสีพื้น แขนกุด,เดรส,2,750,1500,บัตรเครดิต,สาขาสยาม
TXN00319,CUS0061,2025-09-24 21:03:11,P016,สเวตเตอร์ถักไหมพรม,สเวตเตอร์,2,850,1700,LINE Pay,สาขาเซ็นทรัลเวิลด์
TXN00317,CUS0061,2025-12-17 10:40:04,P004,เสื้อเชิ้ตลายทาง,เสื้อเชิ้ต,1,590,590,LINE Pay,สาขาเชียงใหม่
TXN00316,CUS0061,2026-04-15 15:56:47,P013,แจ็คเก็ตยีนส์,แจ็คเก็ต,1,1290,1290,บัตรเครดิต,ออนไลน์
TXN00315,CUS0061,2026-06-05 13:51:02,P009,กระโปรงจีบ สีดำ,กระโปรง,2,690,1380,บัตรเครดิต,สาขาเซ็นทรัลเวิลด์
TXN00318,CUS0061,2026-07-29 13:30:07,P030,สร้อยคอเงิน,แอคเซสซอรี่,2,690,1380,โอนเงิน/พร้อมเพย์,สาขาเซ็นทรัลเวิลด์
TXN00325,CUS0062,2025-11-03 21:18:09,P008,กางเกงขาสั้นผ้าฝ้าย,กางเกงขาสั้น,1,450,450,เงินสด,ออนไลน์
TXN00321,CUS0062,2025-11-29 15:29:57,P005,เสื้อเชิ้ตแขนสั้น สีฟ้า,เสื้อเชิ้ต,2,550,1100,LINE Pay,สาขาสยาม
TXN00323,CUS0062,2025-12-05 14:48:12,P014,แจ็คเก็ตกันหนาว,แจ็คเก็ต,2,1590,3180,โอนเงิน/พร้อมเพย์,ออนไลน์
TXN00324,CUS0062,2026-02-04 13:06:24,P027,เสื้อแขนยาวลายสก็อต,เสื้อเชิ้ต,2,620,1240,โอนเงิน/พร้อมเพย์,ออนไลน์
TXN00326,CUS0062,2026-03-28 18:08:28,P029,แว่นกันแดด,แอคเซสซอรี่,3,450,1350,เงินสด,สาขาเชียงใหม่
TXN00327,CUS0062,2026-04-07 16:02:58,P001,เสื้อยืดคอกลม สีขาว,เสื้อยืด,1,259,259,LINE Pay,สาขาเซ็นทรัลเวิลด์
TXN00322,CUS0062,2026-06-24 10:40:57,P009,กระโปรงจีบ สีดำ,กระโปรง,1,690,690,บัตรเครดิต,ออนไลน์
TXN00320,CUS0062,2026-07-24 14:21:51,P028,กางเกงสแล็คทำงาน,กางเกงสแล็ค,2,790,1580,บัตรเครดิต,สาขาเชียงใหม่
TXN00331,CUS0063,2022-08-12 11:44:46,P027,เสื้อแขนยาวลายสก็อต,เสื้อเชิ้ต,1,620,620,TrueMoney Wallet,ออนไลน์
TXN00332,CUS0063,2022-11-13 18:51:22,P017,รองเท้าผ้าใบสีขาว,รองเท้า,3,1290,3870,โอนเงิน/พร้อมเพย์,สาขาเชียงใหม่
TXN00330,CUS0063,2025-12-28 20:45:40,P005,เสื้อเชิ้ตแขนสั้น สีฟ้า,เสื้อเชิ้ต,1,550,550,บัตรเครดิต,สาขาเชียงใหม่
TXN00328,CUS0063,2026-07-19 12:12:38,P019,รองเท้าแตะ,รองเท้า,1,350,350,เงินสด,สาขาสยาม
TXN00329,CUS0063,2026-08-27 17:48:17,P006,กางเกงยีนส์ขาตรง,กางเกงยีนส์,3,890,2670,บัตรเครดิต,สาขาเซ็นทรัลเวิลด์
TXN00333,CUS0064,2023-06-06 19:53:23,P003,เสื้อโปโล สีกรม,เสื้อโปโล,1,399,399,เงินสด,สาขาเซ็นทรัลเวิลด์
TXN00338,CUS0064,2023-10-01 11:14:39,P005,เสื้อเชิ้ตแขนสั้น สีฟ้า,เสื้อเชิ้ต,1,550,550,บัตรเครดิต,สาขาเซ็นทรัลเวิลด์
TXN00339,CUS0064,2024-02-18 14:35:52,P022,หมวกแก๊ป,หมวก,1,350,350,เงินสด,สาขาสยาม
TXN00334,CUS0064,2024-06-19 19:38:54,P001,เสื้อยืดคอกลม สีขาว,เสื้อยืด,3,259,777,เงินสด,สาขาเชียงใหม่
TXN00335,CUS0064,2024-11-18 18:04:07,P014,แจ็คเก็ตกันหนาว,แจ็คเก็ต,3,1590,4770,โอนเงิน/พร้อมเพย์,สาขาเซ็นทรัลเวิลด์
TXN00340,CUS0064,2026-04-21 21:12:16,P009,กระโปรงจีบ สีดำ,กระโปรง,1,690,690,เงินสด,ออนไลน์
TXN00336,CUS0064,2026-05-16 16:36:48,P025,ถุงเท้าลายการ์ตูน (แพ็ค 3),ถุงเท้า,2,199,398,เงินสด,สาขาเชียงใหม่
TXN00337,CUS0064,2026-06-25 17:28:32,P016,สเวตเตอร์ถักไหมพรม,สเวตเตอร์,1,850,850,เงินสด,สาขาเซ็นทรัลเวิลด์
TXN00345,CUS0065,2022-05-17 15:21:25,P012,เดรสสีพื้น แขนกุด,เดรส,2,750,1500,บัตรเครดิต,สาขาเชียงใหม่
TXN00347,CUS0065,2022-05-20 15:33:09,P029,แว่นกันแดด,แอคเซสซอรี่,3,450,1350,โอนเงิน/พร้อมเพย์,สาขาเซ็นทรัลเวิลด์
TXN00342,CUS0065,2022-10-07 11:25:56,P023,หมวกบักเก็ต,หมวก,1,390,390,บัตรเครดิต,สาขาเซ็นทรัลเวิลด์
TXN00341,CUS0065,2022-10-10 17:31:37,P008,กางเกงขาสั้นผ้าฝ้าย,กางเกงขาสั้น,2,450,900,TrueMoney Wallet,สาขาเชียงใหม่
TXN00343,CUS0065,2022-11-28 20:36:29,P015,ฮู้ดดี้ สีเทา,ฮู้ดดี้,1,690,690,LINE Pay,สาขาเซ็นทรัลเวิลด์
TXN00349,CUS0065,2023-11-26 16:12:32,P002,เสื้อยืดคอกลม สีดำ,เสื้อยืด,1,259,259,เงินสด,สาขาเซ็นทรัลเวิลด์
TXN00346,CUS0065,2024-07-11 19:51:58,P027,เสื้อแขนยาวลายสก็อต,เสื้อเชิ้ต,3,620,1860,โอนเงิน/พร้อมเพย์,ออนไลน์
TXN00344,CUS0065,2025-08-23 16:44:26,P004,เสื้อเชิ้ตลายทาง,เสื้อเชิ้ต,1,590,590,TrueMoney Wallet,สาขาสยาม
TXN00348,CUS0065,2025-10-20 20:00:23,P006,กางเกงยีนส์ขาตรง,กางเกงยีนส์,2,890,1780,เงินสด,สาขาเซ็นทรัลเวิลด์
TXN00352,CUS0066,2026-05-06 10:39:06,P025,ถุงเท้าลายการ์ตูน (แพ็ค 3),ถุงเท้า,3,199,597,โอนเงิน/พร้อมเพย์,สาขาสยาม
TXN00351,CUS0066,2026-07-25 14:58:43,P013,แจ็คเก็ตยีนส์,แจ็คเก็ต,3,1290,3870,TrueMoney Wallet,สาขาเชียงใหม่
TXN00350,CUS0066,2026-08-07 10:51:56,P014,แจ็คเก็ตกันหนาว,แจ็คเก็ต,2,1590,3180,เงินสด,สาขาสยาม
TXN00353,CUS0067,2023-01-16 10:38:58,P001,เสื้อยืดคอกลม สีขาว,เสื้อยืด,1,259,259,TrueMoney Wallet,สาขาเชียงใหม่
TXN00360,CUS0067,2023-08-11 13:32:34,P012,เดรสสีพื้น แขนกุด,เดรส,2,750,1500,LINE Pay,ออนไลน์
TXN00356,CUS0067,2023-09-25 21:05:47,P002,เสื้อยืดคอกลม สีดำ,เสื้อยืด,2,259,518,TrueMoney Wallet,สาขาเชียงใหม่
TXN00361,CUS0067,2024-05-06 12:55:15,P021,กระเป๋าเป้,กระเป๋า,1,1190,1190,โอนเงิน/พร้อมเพย์,สาขาเชียงใหม่
TXN00354,CUS0067,2024-12-25 19:34:59,P014,แจ็คเก็ตกันหนาว,แจ็คเก็ต,1,1590,1590,บัตรเครดิต,ออนไลน์
TXN00359,CUS0067,2025-01-17 17:52:19,P026,ชุดออกกำลังกาย เซ็ต,ชุดกีฬา,3,1050,3150,เงินสด,สาขาเซ็นทรัลเวิลด์
TXN00355,CUS0067,2025-03-27 12:56:18,P008,กางเกงขาสั้นผ้าฝ้าย,กางเกงขาสั้น,1,450,450,LINE Pay,สาขาเชียงใหม่
TXN00357,CUS0067,2025-10-15 21:36:14,P010,กระโปรงยีนส์,กระโปรง,2,720,1440,LINE Pay,สาขาเซ็นทรัลเวิลด์
TXN00358,CUS0067,2026-05-08 15:29:57,P004,เสื้อเชิ้ตลายทาง,เสื้อเชิ้ต,3,590,1770,TrueMoney Wallet,สาขาเชียงใหม่
TXN00367,CUS0068,2024-06-03 16:49:35,P025,ถุงเท้าลายการ์ตูน (แพ็ค 3),ถุงเท้า,1,199,199,TrueMoney Wallet,สาขาสยาม
TXN00362,CUS0068,2024-08-06 19:55:22,P009,กระโปรงจีบ สีดำ,กระโปรง,3,690,2070,LINE Pay,สาขาสยาม
TXN00365,CUS0068,2024-12-23 19:39:54,P029,แว่นกันแดด,แอคเซสซอรี่,3,450,1350,โอนเงิน/พร้อมเพย์,สาขาสยาม
TXN00363,CUS0068,2025-07-01 17:22:47,P010,กระโปรงยีนส์,กระโปรง,3,720,2160,เงินสด,สาขาเซ็นทรัลเวิลด์
TXN00368,CUS0068,2025-07-11 19:09:26,P001,เสื้อยืดคอกลม สีขาว,เสื้อยืด,2,259,518,โอนเงิน/พร้อมเพย์,สาขาสยาม
TXN00369,CUS0068,2025-09-05 21:29:18,P006,กางเกงยีนส์ขาตรง,กางเกงยีนส์,2,890,1780,โอนเงิน/พร้อมเพย์,สาขาเชียงใหม่
TXN00364,CUS0068,2026-06-25 12:26:21,P007,กางเกงยีนส์ขาเดฟ,กางเกงยีนส์,3,950,2850,โอนเงิน/พร้อมเพย์,สาขาเซ็นทรัลเวิลด์
TXN00366,CUS0068,2026-06-30 17:17:50,P002,เสื้อยืดคอกลม สีดำ,เสื้อยืด,3,259,777,บัตรเครดิต,ออนไลน์
TXN00370,CUS0069,2024-06-09 21:54:31,P013,แจ็คเก็ตยีนส์,แจ็คเก็ต,2,1290,2580,LINE Pay,ออนไลน์
TXN00371,CUS0069,2024-12-08 18:19:51,P017,รองเท้าผ้าใบสีขาว,รองเท้า,2,1290,2580,บัตรเครดิต,ออนไลน์
TXN00373,CUS0069,2025-02-06 15:13:27,P020,กระเป๋าสะพายข้าง,กระเป๋า,3,990,2970,เงินสด,สาขาสยาม
TXN00374,CUS0069,2025-02-20 19:57:31,P030,สร้อยคอเงิน,แอคเซสซอรี่,1,690,690,โอนเงิน/พร้อมเพย์,สาขาเชียงใหม่
TXN00372,CUS0069,2025-06-24 19:14:05,P018,รองเท้าผ้าใบลายพราง,รองเท้า,3,1390,4170,โอนเงิน/พร้อมเพย์,สาขาเชียงใหม่
TXN00375,CUS0069,2026-02-27 16:33:52,P021,กระเป๋าเป้,กระเป๋า,3,1190,3570,TrueMoney Wallet,ออนไลน์
TXN00376,CUS0070,2023-07-29 18:14:06,P015,ฮู้ดดี้ สีเทา,ฮู้ดดี้,1,690,690,LINE Pay,สาขาเชียงใหม่
TXN00382,CUS0070,2024-01-26 18:18:52,P030,สร้อยคอเงิน,แอคเซสซอรี่,3,690,2070,TrueMoney Wallet,สาขาเซ็นทรัลเวิลด์
TXN00381,CUS0070,2024-11-04 21:21:52,P029,แว่นกันแดด,แอคเซสซอรี่,1,450,450,TrueMoney Wallet,ออนไลน์
TXN00380,CUS0070,2025-03-31 11:52:19,P022,หมวกแก๊ป,หมวก,2,350,700,TrueMoney Wallet,สาขาเซ็นทรัลเวิลด์
TXN00377,CUS0070,2025-06-10 20:35:59,P012,เดรสสีพื้น แขนกุด,เดรส,3,750,2250,TrueMoney Wallet,สาขาเซ็นทรัลเวิลด์
TXN00378,CUS0070,2025-07-21 17:25:28,P002,เสื้อยืดคอกลม สีดำ,เสื้อยืด,1,259,259,TrueMoney Wallet,สาขาเชียงใหม่
TXN00379,CUS0070,2026-03-01 21:52:05,P020,กระเป๋าสะพายข้าง,กระเป๋า,3,990,2970,บัตรเครดิต,สาขาเชียงใหม่
TXN00387,CUS0071,2023-04-11 16:38:07,P002,เสื้อยืดคอกลม สีดำ,เสื้อยืด,3,259,777,บัตรเครดิต,สาขาเซ็นทรัลเวิลด์
TXN00385,CUS0071,2024-05-23 11:37:00,P014,แจ็คเก็ตกันหนาว,แจ็คเก็ต,2,1590,3180,เงินสด,สาขาเซ็นทรัลเวิลด์
TXN00386,CUS0071,2024-12-14 18:36:17,P006,กางเกงยีนส์ขาตรง,กางเกงยีนส์,1,890,890,TrueMoney Wallet,สาขาเซ็นทรัลเวิลด์
TXN00389,CUS0071,2025-02-03 17:52:29,P019,รองเท้าแตะ,รองเท้า,1,350,350,TrueMoney Wallet,ออนไลน์
TXN00383,CUS0071,2025-05-11 20:40:46,P029,แว่นกันแดด,แอคเซสซอรี่,2,450,900,เงินสด,ออนไลน์
TXN00390,CUS0071,2025-10-22 10:43:49,P020,กระเป๋าสะพายข้าง,กระเป๋า,1,990,990,TrueMoney Wallet,สาขาเชียงใหม่
TXN00391,CUS0071,2026-03-05 13:22:17,P004,เสื้อเชิ้ตลายทาง,เสื้อเชิ้ต,1,590,590,บัตรเครดิต,สาขาสยาม
TXN00388,CUS0071,2026-06-03 18:06:01,P021,กระเป๋าเป้,กระเป๋า,3,1190,3570,เงินสด,สาขาสยาม
TXN00384,CUS0071,2026-07-31 10:19:45,P007,กางเกงยีนส์ขาเดฟ,กางเกงยีนส์,1,950,950,TrueMoney Wallet,สาขาสยาม
TXN00393,CUS0072,2024-09-09 16:37:48,P004,เสื้อเชิ้ตลายทาง,เสื้อเชิ้ต,1,590,590,เงินสด,ออนไลน์
TXN00392,CUS0072,2025-01-19 13:28:39,P021,กระเป๋าเป้,กระเป๋า,1,1190,1190,LINE Pay,สาขาสยาม
TXN00396,CUS0072,2025-10-06 14:56:31,P019,รองเท้าแตะ,รองเท้า,2,350,700,เงินสด,สาขาเซ็นทรัลเวิลด์
TXN00394,CUS0072,2025-10-24 13:15:14,P028,กางเกงสแล็คทำงาน,กางเกงสแล็ค,1,790,790,เงินสด,สาขาเซ็นทรัลเวิลด์
TXN00395,CUS0072,2026-06-21 12:20:00,P029,แว่นกันแดด,แอคเซสซอรี่,3,450,1350,LINE Pay,สาขาเชียงใหม่
TXN00398,CUS0073,2026-05-09 15:24:11,P023,หมวกบักเก็ต,หมวก,1,390,390,เงินสด,สาขาเชียงใหม่
TXN00403,CUS0073,2026-05-27 21:08:05,P013,แจ็คเก็ตยีนส์,แจ็คเก็ต,1,1290,1290,บัตรเครดิต,สาขาเชียงใหม่
TXN00401,CUS0073,2026-05-28 16:12:29,P014,แจ็คเก็ตกันหนาว,แจ็คเก็ต,3,1590,4770,โอนเงิน/พร้อมเพย์,สาขาเชียงใหม่
TXN00400,CUS0073,2026-07-08 20:04:07,P008,กางเกงขาสั้นผ้าฝ้าย,กางเกงขาสั้น,2,450,900,LINE Pay,สาขาเชียงใหม่
TXN00402,CUS0073,2026-07-16 10:17:42,P010,กระโปรงยีนส์,กระโปรง,1,720,720,เงินสด,สาขาเชียงใหม่
TXN00397,CUS0073,2026-07-29 10:50:55,P022,หมวกแก๊ป,หมวก,3,350,1050,บัตรเครดิต,สาขาสยาม
TXN00399,CUS0073,2026-08-17 15:07:21,P019,รองเท้าแตะ,รองเท้า,2,350,700,TrueMoney Wallet,ออนไลน์
TXN00410,CUS0074,2026-05-30 13:20:12,P008,กางเกงขาสั้นผ้าฝ้าย,กางเกงขาสั้น,3,450,1350,เงินสด,สาขาสยาม
TXN00404,CUS0074,2026-06-09 21:25:24,P027,เสื้อแขนยาวลายสก็อต,เสื้อเชิ้ต,2,620,1240,TrueMoney Wallet,สาขาเซ็นทรัลเวิลด์
TXN00407,CUS0074,2026-06-17 16:38:32,P018,รองเท้าผ้าใบลายพราง,รองเท้า,3,1390,4170,บัตรเครดิต,สาขาเซ็นทรัลเวิลด์
TXN00406,CUS0074,2026-06-20 19:57:28,P005,เสื้อเชิ้ตแขนสั้น สีฟ้า,เสื้อเชิ้ต,3,550,1650,TrueMoney Wallet,สาขาเชียงใหม่
TXN00412,CUS0074,2026-07-03 11:14:18,P012,เดรสสีพื้น แขนกุด,เดรส,3,750,2250,บัตรเครดิต,ออนไลน์
TXN00411,CUS0074,2026-07-16 18:48:19,P006,กางเกงยีนส์ขาตรง,กางเกงยีนส์,3,890,2670,บัตรเครดิต,สาขาสยาม
TXN00405,CUS0074,2026-08-14 18:13:14,P026,ชุดออกกำลังกาย เซ็ต,ชุดกีฬา,2,1050,2100,LINE Pay,สาขาเซ็นทรัลเวิลด์
TXN00408,CUS0074,2026-08-24 11:34:54,P015,ฮู้ดดี้ สีเทา,ฮู้ดดี้,1,690,690,โอนเงิน/พร้อมเพย์,ออนไลน์
TXN00409,CUS0074,2026-09-07 12:19:00,P029,แว่นกันแดด,แอคเซสซอรี่,1,450,450,LINE Pay,สาขาสยาม
TXN00416,CUS0075,2022-08-27 12:18:07,P030,สร้อยคอเงิน,แอคเซสซอรี่,3,690,2070,โอนเงิน/พร้อมเพย์,สาขาเซ็นทรัลเวิลด์
TXN00413,CUS0075,2025-08-18 12:59:17,P012,เดรสสีพื้น แขนกุด,เดรส,3,750,2250,บัตรเครดิต,สาขาสยาม
TXN00417,CUS0075,2025-11-26 10:25:02,P015,ฮู้ดดี้ สีเทา,ฮู้ดดี้,3,690,2070,TrueMoney Wallet,สาขาเซ็นทรัลเวิลด์
TXN00414,CUS0075,2025-11-30 20:44:22,P013,แจ็คเก็ตยีนส์,แจ็คเก็ต,2,1290,2580,LINE Pay,สาขาสยาม
TXN00415,CUS0075,2026-01-19 21:29:15,P028,กางเกงสแล็คทำงาน,กางเกงสแล็ค,3,790,2370,LINE Pay,สาขาเชียงใหม่
TXN00420,CUS0076,2024-10-05 20:18:57,P010,กระโปรงยีนส์,กระโปรง,1,720,720,เงินสด,สาขาสยาม
TXN00418,CUS0076,2025-04-27 20:40:11,P007,กางเกงยีนส์ขาเดฟ,กางเกงยีนส์,3,950,2850,TrueMoney Wallet,สาขาเซ็นทรัลเวิลด์
TXN00419,CUS0076,2025-11-04 21:33:16,P025,ถุงเท้าลายการ์ตูน (แพ็ค 3),ถุงเท้า,3,199,597,LINE Pay,สาขาเชียงใหม่
TXN00424,CUS0076,2025-11-10 21:44:53,P002,เสื้อยืดคอกลม สีดำ,เสื้อยืด,3,259,777,LINE Pay,สาขาสยาม
TXN00423,CUS0076,2025-12-04 11:22:27,P024,เข็มขัดหนัง,เข็มขัด,2,490,980,LINE Pay,สาขาเชียงใหม่
TXN00421,CUS0076,2026-05-11 11:02:50,P005,เสื้อเชิ้ตแขนสั้น สีฟ้า,เสื้อเชิ้ต,1,550,550,โอนเงิน/พร้อมเพย์,สาขาเซ็นทรัลเวิลด์
TXN00422,CUS0076,2026-07-20 11:26:44,P013,แจ็คเก็ตยีนส์,แจ็คเก็ต,2,1290,2580,LINE Pay,สาขาเซ็นทรัลเวิลด์
TXN00427,CUS0077,2026-02-13 12:22:22,P017,รองเท้าผ้าใบสีขาว,รองเท้า,1,1290,1290,LINE Pay,สาขาสยาม
TXN00425,CUS0077,2026-06-03 13:02:44,P014,แจ็คเก็ตกันหนาว,แจ็คเก็ต,1,1590,1590,TrueMoney Wallet,สาขาเชียงใหม่
TXN00426,CUS0077,2026-06-17 12:49:40,P022,หมวกแก๊ป,หมวก,1,350,350,บัตรเครดิต,สาขาเชียงใหม่
TXN00428,CUS0077,2026-07-10 14:08:08,P028,กางเกงสแล็คทำงาน,กางเกงสแล็ค,1,790,790,LINE Pay,ออนไลน์
TXN00429,CUS0078,2026-02-20 12:59:41,P023,หมวกบักเก็ต,หมวก,3,390,1170,โอนเงิน/พร้อมเพย์,สาขาเชียงใหม่
TXN00432,CUS0078,2026-03-01 16:53:13,P017,รองเท้าผ้าใบสีขาว,รองเท้า,3,1290,3870,เงินสด,สาขาเชียงใหม่
TXN00430,CUS0078,2026-07-05 12:37:36,P008,กางเกงขาสั้นผ้าฝ้าย,กางเกงขาสั้น,1,450,450,บัตรเครดิต,สาขาเชียงใหม่
TXN00431,CUS0078,2026-08-29 11:35:27,P001,เสื้อยืดคอกลม สีขาว,เสื้อยืด,3,259,777,บัตรเครดิต,สาขาเซ็นทรัลเวิลด์
TXN00433,CUS0079,2025-11-26 10:03:57,P012,เดรสสีพื้น แขนกุด,เดรส,2,750,1500,โอนเงิน/พร้อมเพย์,สาขาเชียงใหม่
TXN00436,CUS0080,2023-01-18 21:45:21,P010,กระโปรงยีนส์,กระโปรง,2,720,1440,TrueMoney Wallet,สาขาเชียงใหม่
TXN00434,CUS0080,2023-06-26 15:28:29,P004,เสื้อเชิ้ตลายทาง,เสื้อเชิ้ต,1,590,590,TrueMoney Wallet,สาขาเชียงใหม่
TXN00435,CUS0080,2023-07-10 18:04:02,P023,หมวกบักเก็ต,หมวก,2,390,780,เงินสด,ออนไลน์
TXN00437,CUS0080,2026-03-13 17:27:31,P015,ฮู้ดดี้ สีเทา,ฮู้ดดี้,1,690,690,บัตรเครดิต,สาขาเชียงใหม่
TXN00438,CUS0081,2026-02-05 14:40:39,P012,เดรสสีพื้น แขนกุด,เดรส,1,750,750,โอนเงิน/พร้อมเพย์,สาขาเซ็นทรัลเวิลด์
TXN00439,CUS0082,2025-09-17 16:53:09,P005,เสื้อเชิ้ตแขนสั้น สีฟ้า,เสื้อเชิ้ต,1,550,550,โอนเงิน/พร้อมเพย์,สาขาเชียงใหม่
TXN00440,CUS0082,2026-07-28 18:54:57,P024,เข็มขัดหนัง,เข็มขัด,1,490,490,บัตรเครดิต,สาขาสยาม
TXN00443,CUS0083,2026-06-13 17:27:31,P011,เดรสลายดอก,เดรส,1,890,890,บัตรเครดิต,สาขาเชียงใหม่
TXN00442,CUS0083,2026-06-19 10:02:06,P020,กระเป๋าสะพายข้าง,กระเป๋า,2,990,1980,TrueMoney Wallet,ออนไลน์
TXN00441,CUS0083,2026-07-19 15:14:23,P024,เข็มขัดหนัง,เข็มขัด,3,490,1470,บัตรเครดิต,สาขาเชียงใหม่
TXN00445,CUS0083,2026-08-10 20:25:05,P006,กางเกงยีนส์ขาตรง,กางเกงยีนส์,1,890,890,เงินสด,ออนไลน์
TXN00444,CUS0083,2026-09-14 20:05:09,P013,แจ็คเก็ตยีนส์,แจ็คเก็ต,3,1290,3870,บัตรเครดิต,สาขาเซ็นทรัลเวิลด์
TXN00447,CUS0084,2026-02-01 17:00:42,P030,สร้อยคอเงิน,แอคเซสซอรี่,2,690,1380,บัตรเครดิต,สาขาเซ็นทรัลเวิลด์
TXN00446,CUS0084,2026-02-21 14:04:42,P007,กางเกงยีนส์ขาเดฟ,กางเกงยีนส์,2,950,1900,เงินสด,ออนไลน์
TXN00449,CUS0084,2026-03-07 17:05:34,P012,เดรสสีพื้น แขนกุด,เดรส,3,750,2250,โอนเงิน/พร้อมเพย์,ออนไลน์
TXN00448,CUS0084,2026-04-01 10:28:51,P024,เข็มขัดหนัง,เข็มขัด,2,490,980,TrueMoney Wallet,สาขาเชียงใหม่
TXN00452,CUS0084,2026-05-19 20:41:08,P020,กระเป๋าสะพายข้าง,กระเป๋า,2,990,1980,โอนเงิน/พร้อมเพย์,สาขาเชียงใหม่
TXN00450,CUS0084,2026-06-01 20:55:09,P001,เสื้อยืดคอกลม สีขาว,เสื้อยืด,2,259,518,LINE Pay,สาขาสยาม
TXN00451,CUS0084,2026-07-20 20:21:38,P002,เสื้อยืดคอกลม สีดำ,เสื้อยืด,1,259,259,โอนเงิน/พร้อมเพย์,ออนไลน์
TXN00453,CUS0084,2026-08-30 20:01:54,P017,รองเท้าผ้าใบสีขาว,รองเท้า,3,1290,3870,บัตรเครดิต,สาขาเซ็นทรัลเวิลด์
TXN00455,CUS0085,2026-05-24 13:11:56,P003,เสื้อโปโล สีกรม,เสื้อโปโล,2,399,798,บัตรเครดิต,สาขาสยาม
TXN00459,CUS0085,2026-05-29 18:35:32,P012,เดรสสีพื้น แขนกุด,เดรส,2,750,1500,เงินสด,สาขาสยาม
TXN00461,CUS0085,2026-05-30 15:49:39,P026,ชุดออกกำลังกาย เซ็ต,ชุดกีฬา,1,1050,1050,เงินสด,ออนไลน์
TXN00456,CUS0085,2026-06-28 20:06:12,P005,เสื้อเชิ้ตแขนสั้น สีฟ้า,เสื้อเชิ้ต,1,550,550,TrueMoney Wallet,สาขาเชียงใหม่
TXN00454,CUS0085,2026-07-26 18:15:36,P023,หมวกบักเก็ต,หมวก,2,390,780,LINE Pay,ออนไลน์
TXN00460,CUS0085,2026-08-03 18:10:12,P018,รองเท้าผ้าใบลายพราง,รองเท้า,2,1390,2780,TrueMoney Wallet,ออนไลน์
TXN00457,CUS0085,2026-08-28 13:35:29,P022,หมวกแก๊ป,หมวก,3,350,1050,บัตรเครดิต,สาขาสยาม
TXN00458,CUS0085,2026-09-03 19:36:05,P019,รองเท้าแตะ,รองเท้า,3,350,1050,LINE Pay,สาขาสยาม
TXN00462,CUS0086,2025-02-12 17:19:07,P002,เสื้อยืดคอกลม สีดำ,เสื้อยืด,3,259,777,บัตรเครดิต,ออนไลน์
TXN00465,CUS0086,2025-03-11 15:32:47,P023,หมวกบักเก็ต,หมวก,1,390,390,TrueMoney Wallet,สาขาเชียงใหม่
TXN00463,CUS0086,2026-04-06 13:36:07,P012,เดรสสีพื้น แขนกุด,เดรส,1,750,750,โอนเงิน/พร้อมเพย์,สาขาเซ็นทรัลเวิลด์
TXN00464,CUS0086,2026-08-11 15:51:48,P001,เสื้อยืดคอกลม สีขาว,เสื้อยืด,2,259,518,เงินสด,สาขาเชียงใหม่
TXN00468,CUS0087,2022-09-02 17:07:04,P020,กระเป๋าสะพายข้าง,กระเป๋า,1,990,990,โอนเงิน/พร้อมเพย์,สาขาเซ็นทรัลเวิลด์
TXN00471,CUS0087,2022-09-10 15:09:31,P029,แว่นกันแดด,แอคเซสซอรี่,1,450,450,TrueMoney Wallet,ออนไลน์
TXN00472,CUS0087,2022-10-02 11:11:39,P018,รองเท้าผ้าใบลายพราง,รองเท้า,1,1390,1390,TrueMoney Wallet,ออนไลน์
TXN00466,CUS0087,2023-03-10 10:59:58,P002,เสื้อยืดคอกลม สีดำ,เสื้อยืด,3,259,777,บัตรเครดิต,สาขาเชียงใหม่
TXN00473,CUS0087,2023-06-11 21:54:28,P011,เดรสลายดอก,เดรส,2,890,1780,LINE Pay,สาขาเซ็นทรัลเวิลด์
TXN00467,CUS0087,2023-08-21 21:28:01,P027,เสื้อแขนยาวลายสก็อต,เสื้อเชิ้ต,2,620,1240,TrueMoney Wallet,ออนไลน์
TXN00470,CUS0087,2023-12-16 18:44:48,P004,เสื้อเชิ้ตลายทาง,เสื้อเชิ้ต,3,590,1770,โอนเงิน/พร้อมเพย์,ออนไลน์
TXN00469,CUS0087,2025-08-30 14:55:43,P012,เดรสสีพื้น แขนกุด,เดรส,1,750,750,LINE Pay,สาขาเซ็นทรัลเวิลด์
TXN00479,CUS0088,2022-10-24 18:57:49,P007,กางเกงยีนส์ขาเดฟ,กางเกงยีนส์,3,950,2850,เงินสด,สาขาเซ็นทรัลเวิลด์
TXN00483,CUS0088,2022-12-17 21:21:42,P020,กระเป๋าสะพายข้าง,กระเป๋า,2,990,1980,โอนเงิน/พร้อมเพย์,ออนไลน์
TXN00481,CUS0088,2023-06-01 20:04:19,P005,เสื้อเชิ้ตแขนสั้น สีฟ้า,เสื้อเชิ้ต,1,550,550,โอนเงิน/พร้อมเพย์,สาขาเชียงใหม่
TXN00474,CUS0088,2023-10-22 12:52:23,P017,รองเท้าผ้าใบสีขาว,รองเท้า,1,1290,1290,LINE Pay,สาขาเชียงใหม่
TXN00478,CUS0088,2024-02-26 11:32:16,P030,สร้อยคอเงิน,แอคเซสซอรี่,2,690,1380,โอนเงิน/พร้อมเพย์,สาขาเซ็นทรัลเวิลด์
TXN00475,CUS0088,2025-04-01 16:59:22,P003,เสื้อโปโล สีกรม,เสื้อโปโล,3,399,1197,โอนเงิน/พร้อมเพย์,สาขาสยาม
TXN00476,CUS0088,2025-11-14 17:21:14,P012,เดรสสีพื้น แขนกุด,เดรส,2,750,1500,เงินสด,สาขาเซ็นทรัลเวิลด์
TXN00477,CUS0088,2026-01-13 10:40:09,P011,เดรสลายดอก,เดรส,2,890,1780,บัตรเครดิต,สาขาเชียงใหม่
TXN00480,CUS0088,2026-03-04 19:40:06,P010,กระโปรงยีนส์,กระโปรง,2,720,1440,โอนเงิน/พร้อมเพย์,สาขาเชียงใหม่
TXN00482,CUS0088,2026-03-08 13:22:55,P019,รองเท้าแตะ,รองเท้า,3,350,1050,TrueMoney Wallet,ออนไลน์
TXN00485,CUS0089,2024-01-02 12:19:46,P029,แว่นกันแดด,แอคเซสซอรี่,1,450,450,โอนเงิน/พร้อมเพย์,สาขาเชียงใหม่
TXN00489,CUS0089,2024-08-12 14:57:16,P030,สร้อยคอเงิน,แอคเซสซอรี่,2,690,1380,TrueMoney Wallet,สาขาสยาม
TXN00487,CUS0089,2024-08-20 14:37:22,P026,ชุดออกกำลังกาย เซ็ต,ชุดกีฬา,3,1050,3150,LINE Pay,สาขาเชียงใหม่
TXN00492,CUS0089,2024-12-27 21:03:08,P007,กางเกงยีนส์ขาเดฟ,กางเกงยีนส์,1,950,950,TrueMoney Wallet,สาขาสยาม
TXN00490,CUS0089,2025-02-18 13:45:01,P005,เสื้อเชิ้ตแขนสั้น สีฟ้า,เสื้อเชิ้ต,1,550,550,บัตรเครดิต,สาขาสยาม
TXN00486,CUS0089,2025-07-17 11:58:12,P008,กางเกงขาสั้นผ้าฝ้าย,กางเกงขาสั้น,3,450,1350,TrueMoney Wallet,สาขาสยาม
TXN00488,CUS0089,2026-01-13 21:55:59,P028,กางเกงสแล็คทำงาน,กางเกงสแล็ค,3,790,2370,เงินสด,ออนไลน์
TXN00491,CUS0089,2026-02-22 13:57:38,P024,เข็มขัดหนัง,เข็มขัด,2,490,980,โอนเงิน/พร้อมเพย์,สาขาสยาม
TXN00484,CUS0089,2026-03-05 16:28:25,P012,เดรสสีพื้น แขนกุด,เดรส,1,750,750,TrueMoney Wallet,สาขาเชียงใหม่
TXN00493,CUS0090,2026-01-15 21:08:00,P003,เสื้อโปโล สีกรม,เสื้อโปโล,3,399,1197,บัตรเครดิต,สาขาเชียงใหม่
TXN00494,CUS0090,2026-06-18 10:40:20,P026,ชุดออกกำลังกาย เซ็ต,ชุดกีฬา,3,1050,3150,เงินสด,สาขาเซ็นทรัลเวิลด์
TXN00497,CUS0091,2025-12-08 15:36:41,P024,เข็มขัดหนัง,เข็มขัด,1,490,490,โอนเงิน/พร้อมเพย์,สาขาสยาม
TXN00498,CUS0091,2026-05-12 12:05:01,P001,เสื้อยืดคอกลม สีขาว,เสื้อยืด,2,259,518,บัตรเครดิต,สาขาเซ็นทรัลเวิลด์
TXN00496,CUS0091,2026-05-15 17:38:25,P028,กางเกงสแล็คทำงาน,กางเกงสแล็ค,1,790,790,โอนเงิน/พร้อมเพย์,ออนไลน์
TXN00495,CUS0091,2026-05-16 12:03:55,P011,เดรสลายดอก,เดรส,2,890,1780,LINE Pay,สาขาสยาม
TXN00499,CUS0091,2026-08-23 11:22:52,P021,กระเป๋าเป้,กระเป๋า,1,1190,1190,โอนเงิน/พร้อมเพย์,ออนไลน์
TXN00500,CUS0091,2026-08-27 20:37:55,P016,สเวตเตอร์ถักไหมพรม,สเวตเตอร์,2,850,1700,TrueMoney Wallet,สาขาเซ็นทรัลเวิลด์
TXN00504,CUS0092,2024-05-09 11:03:34,P024,เข็มขัดหนัง,เข็มขัด,1,490,490,TrueMoney Wallet,สาขาเซ็นทรัลเวิลด์
TXN00506,CUS0092,2024-07-05 18:01:22,P009,กระโปรงจีบ สีดำ,กระโปรง,3,690,2070,บัตรเครดิต,ออนไลน์
TXN00505,CUS0092,2024-08-15 14:38:23,P020,กระเป๋าสะพายข้าง,กระเป๋า,3,990,2970,บัตรเครดิต,สาขาเซ็นทรัลเวิลด์
TXN00507,CUS0092,2024-10-18 20:58:22,P023,หมวกบักเก็ต,หมวก,2,390,780,LINE Pay,ออนไลน์
TXN00508,CUS0092,2025-06-02 10:06:42,P016,สเวตเตอร์ถักไหมพรม,สเวตเตอร์,1,850,850,เงินสด,สาขาสยาม
TXN00503,CUS0092,2025-08-20 12:40:14,P008,กางเกงขาสั้นผ้าฝ้าย,กางเกงขาสั้น,1,450,450,LINE Pay,สาขาสยาม
TXN00510,CUS0092,2025-09-17 16:58:58,P021,กระเป๋าเป้,กระเป๋า,3,1190,3570,LINE Pay,สาขาเซ็นทรัลเวิลด์
TXN00509,CUS0092,2025-11-08 20:55:22,P002,เสื้อยืดคอกลม สีดำ,เสื้อยืด,3,259,777,เงินสด,สาขาเซ็นทรัลเวิลด์
TXN00502,CUS0092,2026-07-28 14:08:16,P011,เดรสลายดอก,เดรส,3,890,2670,เงินสด,ออนไลน์
TXN00501,CUS0092,2026-09-07 21:29:35,P019,รองเท้าแตะ,รองเท้า,2,350,700,โอนเงิน/พร้อมเพย์,สาขาเชียงใหม่
TXN00511,CUS0093,2026-08-01 21:27:15,P009,กระโปรงจีบ สีดำ,กระโปรง,1,690,690,บัตรเครดิต,สาขาเชียงใหม่
TXN00514,CUS0094,2023-12-25 17:55:57,P014,แจ็คเก็ตกันหนาว,แจ็คเก็ต,2,1590,3180,บัตรเครดิต,สาขาเซ็นทรัลเวิลด์
TXN00512,CUS0094,2024-10-21 17:13:36,P011,เดรสลายดอก,เดรส,2,890,1780,บัตรเครดิต,ออนไลน์
TXN00515,CUS0094,2025-11-19 19:38:28,P021,กระเป๋าเป้,กระเป๋า,2,1190,2380,บัตรเครดิต,สาขาสยาม
TXN00513,CUS0094,2026-08-24 12:52:19,P025,ถุงเท้าลายการ์ตูน (แพ็ค 3),ถุงเท้า,2,199,398,โอนเงิน/พร้อมเพย์,สาขาสยาม
TXN00517,CUS0095,2022-07-07 11:09:58,P029,แว่นกันแดด,แอคเซสซอรี่,3,450,1350,เงินสด,สาขาเซ็นทรัลเวิลด์
TXN00518,CUS0095,2023-03-22 18:47:22,P024,เข็มขัดหนัง,เข็มขัด,2,490,980,เงินสด,สาขาเซ็นทรัลเวิลด์
TXN00516,CUS0095,2024-11-02 12:27:55,P028,กางเกงสแล็คทำงาน,กางเกงสแล็ค,1,790,790,บัตรเครดิต,สาขาเชียงใหม่
TXN00519,CUS0095,2026-03-16 16:05:26,P012,เดรสสีพื้น แขนกุด,เดรส,2,750,1500,โอนเงิน/พร้อมเพย์,ออนไลน์
TXN00520,CUS0096,2023-06-27 10:08:32,P029,แว่นกันแดด,แอคเซสซอรี่,3,450,1350,TrueMoney Wallet,สาขาเซ็นทรัลเวิลด์
TXN00522,CUS0096,2023-10-06 11:07:31,P019,รองเท้าแตะ,รองเท้า,2,350,700,บัตรเครดิต,ออนไลน์
TXN00525,CUS0096,2023-10-22 14:45:11,P021,กระเป๋าเป้,กระเป๋า,1,1190,1190,เงินสด,สาขาเชียงใหม่
TXN00523,CUS0096,2024-05-27 13:43:34,P008,กางเกงขาสั้นผ้าฝ้าย,กางเกงขาสั้น,1,450,450,บัตรเครดิต,สาขาสยาม
TXN00524,CUS0096,2025-05-20 17:58:04,P007,กางเกงยีนส์ขาเดฟ,กางเกงยีนส์,3,950,2850,โอนเงิน/พร้อมเพย์,สาขาเซ็นทรัลเวิลด์
TXN00521,CUS0096,2025-10-24 21:06:46,P002,เสื้อยืดคอกลม สีดำ,เสื้อยืด,3,259,777,เงินสด,สาขาสยาม
TXN00527,CUS0097,2024-07-19 18:21:44,P002,เสื้อยืดคอกลม สีดำ,เสื้อยืด,3,259,777,LINE Pay,สาขาเชียงใหม่
TXN00526,CUS0097,2024-12-31 14:00:20,P003,เสื้อโปโล สีกรม,เสื้อโปโล,3,399,1197,เงินสด,ออนไลน์
TXN00529,CUS0097,2025-02-16 16:51:09,P017,รองเท้าผ้าใบสีขาว,รองเท้า,2,1290,2580,เงินสด,สาขาเซ็นทรัลเวิลด์
TXN00528,CUS0097,2025-05-02 15:34:26,P007,กางเกงยีนส์ขาเดฟ,กางเกงยีนส์,2,950,1900,LINE Pay,สาขาเซ็นทรัลเวิลด์
TXN00530,CUS0097,2025-10-11 14:44:39,P014,แจ็คเก็ตกันหนาว,แจ็คเก็ต,3,1590,4770,LINE Pay,สาขาเซ็นทรัลเวิลด์
TXN00531,CUS0098,2023-07-07 21:03:25,P022,หมวกแก๊ป,หมวก,3,350,1050,TrueMoney Wallet,สาขาเชียงใหม่
TXN00534,CUS0098,2025-06-13 15:45:04,P027,เสื้อแขนยาวลายสก็อต,เสื้อเชิ้ต,1,620,620,LINE Pay,สาขาเชียงใหม่
TXN00532,CUS0098,2025-10-22 18:42:20,P004,เสื้อเชิ้ตลายทาง,เสื้อเชิ้ต,3,590,1770,LINE Pay,สาขาสยาม
TXN00533,CUS0098,2025-12-18 18:21:37,P003,เสื้อโปโล สีกรม,เสื้อโปโล,2,399,798,TrueMoney Wallet,ออนไลน์
TXN00543,CUS0099,2023-04-30 17:40:30,P008,กางเกงขาสั้นผ้าฝ้าย,กางเกงขาสั้น,3,450,1350,บัตรเครดิต,สาขาเซ็นทรัลเวิลด์
TXN00538,CUS0099,2023-09-01 12:52:42,P011,เดรสลายดอก,เดรส,3,890,2670,LINE Pay,สาขาเซ็นทรัลเวิลด์
TXN00537,CUS0099,2023-11-07 18:10:52,P027,เสื้อแขนยาวลายสก็อต,เสื้อเชิ้ต,3,620,1860,โอนเงิน/พร้อมเพย์,สาขาเซ็นทรัลเวิลด์
TXN00536,CUS0099,2023-12-11 12:04:59,P030,สร้อยคอเงิน,แอคเซสซอรี่,3,690,2070,TrueMoney Wallet,สาขาเชียงใหม่
TXN00535,CUS0099,2024-03-04 17:54:46,P022,หมวกแก๊ป,หมวก,2,350,700,โอนเงิน/พร้อมเพย์,ออนไลน์
TXN00541,CUS0099,2024-09-13 20:51:33,P018,รองเท้าผ้าใบลายพราง,รองเท้า,2,1390,2780,TrueMoney Wallet,สาขาเชียงใหม่
TXN00540,CUS0099,2024-12-31 12:44:16,P021,กระเป๋าเป้,กระเป๋า,1,1190,1190,LINE Pay,สาขาสยาม
TXN00539,CUS0099,2026-05-11 10:20:24,P003,เสื้อโปโล สีกรม,เสื้อโปโล,3,399,1197,โอนเงิน/พร้อมเพย์,ออนไลน์
TXN00542,CUS0099,2026-06-01 11:17:25,P029,แว่นกันแดด,แอคเซสซอรี่,2,450,900,โอนเงิน/พร้อมเพย์,ออนไลน์
TXN00544,CUS0099,2026-07-08 12:23:31,P020,กระเป๋าสะพายข้าง,กระเป๋า,1,990,990,TrueMoney Wallet,สาขาเซ็นทรัลเวิลด์
TXN00546,CUS0100,2024-05-04 13:16:53,P017,รองเท้าผ้าใบสีขาว,รองเท้า,2,1290,2580,LINE Pay,สาขาสยาม
TXN00545,CUS0100,2024-05-12 10:37:11,P012,เดรสสีพื้น แขนกุด,เดรส,3,750,2250,โอนเงิน/พร้อมเพย์,สาขาเชียงใหม่
TXN00548,CUS0100,2024-07-14 19:49:23,P026,ชุดออกกำลังกาย เซ็ต,ชุดกีฬา,2,1050,2100,เงินสด,ออนไลน์
TXN00549,CUS0100,2024-12-18 10:45:48,P013,แจ็คเก็ตยีนส์,แจ็คเก็ต,2,1290,2580,โอนเงิน/พร้อมเพย์,ออนไลน์
TXN00553,CUS0100,2025-01-13 16:33:26,P007,กางเกงยีนส์ขาเดฟ,กางเกงยีนส์,2,950,1900,LINE Pay,สาขาสยาม
TXN00551,CUS0100,2026-02-25 12:59:39,P001,เสื้อยืดคอกลม สีขาว,เสื้อยืด,2,259,518,บัตรเครดิต,สาขาเชียงใหม่
TXN00554,CUS0100,2026-03-26 19:29:59,P024,เข็มขัดหนัง,เข็มขัด,1,490,490,LINE Pay,ออนไลน์
TXN00547,CUS0100,2026-06-22 17:54:05,P011,เดรสลายดอก,เดรส,3,890,2670,บัตรเครดิต,สาขาเซ็นทรัลเวิลด์
TXN00550,CUS0100,2026-07-17 19:51:16,P009,กระโปรงจีบ สีดำ,กระโปรง,2,690,1380,โอนเงิน/พร้อมเพย์,สาขาเซ็นทรัลเวิลด์
TXN00552,CUS0100,2026-08-22 13:21:55,P018,รองเท้าผ้าใบลายพราง,รองเท้า,1,1390,1390,เงินสด,สาขาสยาม
